chip/compatible,CPUs/0/compatible,../revision,../FPU/compatible,clocks/HSE$/compatible,../frequency,../bypass,memories/flash$/compatible,../address,../size,memories/SRAM1$/compatible,../address,../size,memories/SRAM2$/compatible,../address,../size,pin-controller/compatible,../AF-bits,../has-high-speed,GPIOs/GPIOA$/compatible,GPIOs/GPIOB$/compatible,GPIOs/GPIOC$/compatible,GPIOs/GPIOD$/compatible,GPIOs/GPIOE$/compatible,GPIOs/GPIOF$/compatible,GPIOs/GPIOG$/compatible,GPIOs/GPIOH$/compatible,GPIOs/GPIOI$/compatible,SPIs/SPI1$/compatible,SPIs/SPI2$/compatible,SPIs/SPI3$/compatible,UARTs/compatible,../has-CR-M1-bit,UARTs/USART1$/compatible,UARTs/USART2$/compatible,UARTs/USART3$/compatible,UARTs/UART4$/compatible,UARTs/UART5$/compatible
"[""ST,STM32L431CB"", ""ST,STM32L4"", ""ST,STM32""]","[""ARM,Cortex-M4"", ""ARM,ARMv7-M""]",r0p1,"[""ARM,FPv4-SP-D16""]","[""ST,STM32-HSE"", ""fixed-clock""]",0,False,"[""on-chip-flash""]",0x8000000,131072,"[""on-chip-RAM""]",0x20000000,65536,,,,"[""ST,STM32-GPIOv2-pin-controller""]",4,True,"[""ST,STM32-GPIOv2""]","[""ST,STM32-GPIOv2""]","[""ST,STM32-GPIOv2""]",,,,,"[""ST,STM32-GPIOv2""]",,"[""ST,STM32-SPIv2""]","[""ST,STM32-SPIv2""]","[""ST,STM32-SPIv2""]","[""ST,STM32-USARTv2-common""]",True,"[""ST,STM32-USARTv2""]","[""ST,STM32-USARTv2""]","[""ST,STM32-USARTv2""]",,
"[""ST,STM32L431CC"", ""ST,STM32L4"", ""ST,STM32""]","[""ARM,Cortex-M4"", ""ARM,ARMv7-M""]",r0p1,"[""ARM,FPv4-SP-D16""]","[""ST,STM32-HSE"", ""fixed-clock""]",0,False,"[""on-chip-flash""]",0x8000000,262144,"[""on-chip-RAM""]",0x20000000,65536,,,,"[""ST,STM32-GPIOv2-pin-controller""]",4,True,"[""ST,STM32-GPIOv2""]","[""ST,STM32-GPIOv2""]","[""ST,STM32-GPIOv2""]",,,,,"[""ST,STM32-GPIOv2""]",,"[""ST,STM32-SPIv2""]","[""ST,STM32-SPIv2""]","[""ST,STM32-SPIv2""]","[""ST,STM32-USARTv2-common""]",True,"[""ST,STM32-USARTv2""]","[""ST,STM32-USARTv2""]","[""ST,STM32-USARTv2""]",,
"[""ST,STM32L431KB"", ""ST,STM32L4"", ""ST,STM32""]","[""ARM,Cortex-M4"", ""ARM,ARMv7-M""]",r0p1,"[""ARM,FPv4-SP-D16""]","[""ST,STM32-HSE"", ""fixed-clock""]",0,True,"[""on-chip-flash""]",0x8000000,131072,"[""on-chip-RAM""]",0x20000000,65536,,,,"[""ST,STM32-GPIOv2-pin-controller""]",4,True,"[""ST,STM32-GPIOv2""]","[""ST,STM32-GPIOv2""]","[""ST,STM32-GPIOv2""]",,,,,"[""ST,STM32-GPIOv2""]",,"[""ST,STM32-SPIv2""]",,"[""ST,STM32-SPIv2""]","[""ST,STM32-USARTv2-common""]",True,"[""ST,STM32-USARTv2""]","[""ST,STM32-USARTv2""]",,,
"[""ST,STM32L431KC"", ""ST,STM32L4"", ""ST,STM32""]","[""ARM,Cortex-M4"", ""ARM,ARMv7-M""]",r0p1,"[""ARM,FPv4-SP-D16""]","[""ST,STM32-HSE"", ""fixed-clock""]",0,True,"[""on-chip-flash""]",0x8000000,262144,"[""on-chip-RAM""]",0x20000000,65536,,,,"[""ST,STM32-GPIOv2-pin-controller""]",4,True,"[""ST,STM32-GPIOv2""]","[""ST,STM32-GPIOv2""]","[""ST,STM32-GPIOv2""]",,,,,"[""ST,STM32-GPIOv2""]",,"[""ST,STM32-SPIv2""]",,"[""ST,STM32-SPIv2""]","[""ST,STM32-USARTv2-common""]",True,"[""ST,STM32-USARTv2""]","[""ST,STM32-USARTv2""]",,,
"[""ST,STM32L431RB"", ""ST,STM32L4"", ""ST,STM32""]","[""ARM,Cortex-M4"", ""ARM,ARMv7-M""]",r0p1,"[""ARM,FPv4-SP-D16""]","[""ST,STM32-HSE"", ""fixed-clock""]",0,False,"[""on-chip-flash""]",0x8000000,131072,"[""on-chip-RAM""]",0x20000000,65536,,,,"[""ST,STM32-GPIOv2-pin-controller""]",4,True,"[""ST,STM32-GPIOv2""]","[""ST,STM32-GPIOv2""]","[""ST,STM32-GPIOv2""]","[""ST,STM32-GPIOv2""]",,,,"[""ST,STM32-GPIOv2""]",,"[""ST,STM32-SPIv2""]","[""ST,STM32-SPIv2""]","[""ST,STM32-SPIv2""]","[""ST,STM32-USARTv2-common""]",True,"[""ST,STM32-USARTv2""]","[""ST,STM32-USARTv2""]","[""ST,STM32-USARTv2""]",,
"[""ST,STM32L431RC"", ""ST,STM32L4"", ""ST,STM32""]","[""ARM,Cortex-M4"", ""ARM,ARMv7-M""]",r0p1,"[""ARM,FPv4-SP-D16""]","[""ST,STM32-HSE"", ""fixed-clock""]",0,False,"[""on-chip-flash""]",0x8000000,262144,"[""on-chip-RAM""]",0x20000000,65536,,,,"[""ST,STM32-GPIOv2-pin-controller""]",4,True,"[""ST,STM32-GPIOv2""]","[""ST,STM32-GPIOv2""]","[""ST,STM32-GPIOv2""]","[""ST,STM32-GPIOv2""]",,,,"[""ST,STM32-GPIOv2""]",,"[""ST,STM32-SPIv2""]","[""ST,STM32-SPIv2""]","[""ST,STM32-SPIv2""]","[""ST,STM32-USARTv2-common""]",True,"[""ST,STM32-USARTv2""]","[""ST,STM32-USARTv2""]","[""ST,STM32-USARTv2""]",,
"[""ST,STM32L431VC"", ""ST,STM32L4"", ""ST,STM32""]","[""ARM,Cortex-M4"", ""ARM,ARMv7-M""]",r0p1,"[""ARM,FPv4-SP-D16""]","[""ST,STM32-HSE"", ""fixed-clock""]",0,False,"[""on-chip-flash""]",0x8000000,262144,"[""on-chip-RAM""]",0x20000000,65536,,,,"[""ST,STM32-GPIOv2-pin-controller""]",4,True,"[""ST,STM32-GPIOv2""]","[""ST,STM32-GPIOv2""]","[""ST,STM32-GPIOv2""]","[""ST,STM32-GPIOv2""]","[""ST,STM32-GPIOv2""]",,,"[""ST,STM32-GPIOv2""]",,"[""ST,STM32-SPIv2""]","[""ST,STM32-SPIv2""]","[""ST,STM32-SPIv2""]","[""ST,STM32-USARTv2-common""]",True,"[""ST,STM32-USARTv2""]","[""ST,STM32-USARTv2""]","[""ST,STM32-USARTv2""]",,
"[""ST,STM32L432KB"", ""ST,STM32L4"", ""ST,STM32""]","[""ARM,Cortex-M4"", ""ARM,ARMv7-M""]",r0p1,"[""ARM,FPv4-SP-D16""]","[""ST,STM32-HSE"", ""fixed-clock""]",0,True,"[""on-chip-flash""]",0x8000000,131072,"[""on-chip-RAM""]",0x20000000,65536,,,,"[""ST,STM32-GPIOv2-pin-controller""]",4,True,"[""ST,STM32-GPIOv2""]","[""ST,STM32-GPIOv2""]","[""ST,STM32-GPIOv2""]",,,,,"[""ST,STM32-GPIOv2""]",,"[""ST,STM32-SPIv2""]",,"[""ST,STM32-SPIv2""]","[""ST,STM32-USARTv2-common""]",True,"[""ST,STM32-USARTv2""]","[""ST,STM32-USARTv2""]",,,
"[""ST,STM32L432KC"", ""ST,STM32L4"", ""ST,STM32""]","[""ARM,Cortex-M4"", ""ARM,ARMv7-M""]",r0p1,"[""ARM,FPv4-SP-D16""]","[""ST,STM32-HSE"", ""fixed-clock""]",0,True,"[""on-chip-flash""]",0x8000000,262144,"[""on-chip-RAM""]",0x20000000,65536,,,,"[""ST,STM32-GPIOv2-pin-controller""]",4,True,"[""ST,STM32-GPIOv2""]","[""ST,STM32-GPIOv2""]","[""ST,STM32-GPIOv2""]",,,,,"[""ST,STM32-GPIOv2""]",,"[""ST,STM32-SPIv2""]",,"[""ST,STM32-SPIv2""]","[""ST,STM32-USARTv2-common""]",True,"[""ST,STM32-USARTv2""]","[""ST,STM32-USARTv2""]",,,
"[""ST,STM32L433CB"", ""ST,STM32L4"", ""ST,STM32""]","[""ARM,Cortex-M4"", ""ARM,ARMv7-M""]",r0p1,"[""ARM,FPv4-SP-D16""]","[""ST,STM32-HSE"", ""fixed-clock""]",0,False,"[""on-chip-flash""]",0x8000000,131072,"[""on-chip-RAM""]",0x20000000,65536,,,,"[""ST,STM32-GPIOv2-pin-controller""]",4,True,"[""ST,STM32-GPIOv2""]","[""ST,STM32-GPIOv2""]","[""ST,STM32-GPIOv2""]",,,,,"[""ST,STM32-GPIOv2""]",,"[""ST,STM32-SPIv2""]","[""ST,STM32-SPIv2""]","[""ST,STM32-SPIv2""]","[""ST,STM32-USARTv2-common""]",True,"[""ST,STM32-USARTv2""]","[""ST,STM32-USARTv2""]","[""ST,STM32-USARTv2""]",,
"[""ST,STM32L433CC"", ""ST,STM32L4"", ""ST,STM32""]","[""ARM,Cortex-M4"", ""ARM,ARMv7-M""]",r0p1,"[""ARM,FPv4-SP-D16""]","[""ST,STM32-HSE"", ""fixed-clock""]",0,False,"[""on-chip-flash""]",0x8000000,262144,"[""on-chip-RAM""]",0x20000000,65536,,,,"[""ST,STM32-GPIOv2-pin-controller""]",4,True,"[""ST,STM32-GPIOv2""]","[""ST,STM32-GPIOv2""]","[""ST,STM32-GPIOv2""]",,,,,"[""ST,STM32-GPIOv2""]",,"[""ST,STM32-SPIv2""]","[""ST,STM32-SPIv2""]","[""ST,STM32-SPIv2""]","[""ST,STM32-USARTv2-common""]",True,"[""ST,STM32-USARTv2""]","[""ST,STM32-USARTv2""]","[""ST,STM32-USARTv2""]",,
"[""ST,STM32L433RB"", ""ST,STM32L4"", ""ST,STM32""]","[""ARM,Cortex-M4"", ""ARM,ARMv7-M""]",r0p1,"[""ARM,FPv4-SP-D16""]","[""ST,STM32-HSE"", ""fixed-clock""]",0,False,"[""on-chip-flash""]",0x8000000,131072,"[""on-chip-RAM""]",0x20000000,65536,,,,"[""ST,STM32-GPIOv2-pin-controller""]",4,True,"[""ST,STM32-GPIOv2""]","[""ST,STM32-GPIOv2""]","[""ST,STM32-GPIOv2""]","[""ST,STM32-GPIOv2""]",,,,"[""ST,STM32-GPIOv2""]",,"[""ST,STM32-SPIv2""]","[""ST,STM32-SPIv2""]","[""ST,STM32-SPIv2""]","[""ST,STM32-USARTv2-common""]",True,"[""ST,STM32-USARTv2""]","[""ST,STM32-USARTv2""]","[""ST,STM32-USARTv2""]",,
"[""ST,STM32L433RC"", ""ST,STM32L4"", ""ST,STM32""]","[""ARM,Cortex-M4"", ""ARM,ARMv7-M""]",r0p1,"[""ARM,FPv4-SP-D16""]","[""ST,STM32-HSE"", ""fixed-clock""]",0,False,"[""on-chip-flash""]",0x8000000,262144,"[""on-chip-RAM""]",0x20000000,65536,,,,"[""ST,STM32-GPIOv2-pin-controller""]",4,True,"[""ST,STM32-GPIOv2""]","[""ST,STM32-GPIOv2""]","[""ST,STM32-GPIOv2""]","[""ST,STM32-GPIOv2""]",,,,"[""ST,STM32-GPIOv2""]",,"[""ST,STM32-SPIv2""]","[""ST,STM32-SPIv2""]","[""ST,STM32-SPIv2""]","[""ST,STM32-USARTv2-common""]",True,"[""ST,STM32-USARTv2""]","[""ST,STM32-USARTv2""]","[""ST,STM32-USARTv2""]",,
"[""ST,STM32L433VC"", ""ST,STM32L4"", ""ST,STM32""]","[""ARM,Cortex-M4"", ""ARM,ARMv7-M""]",r0p1,"[""ARM,FPv4-SP-D16""]","[""ST,STM32-HSE"", ""fixed-clock""]",0,False,"[""on-chip-flash""]",0x8000000,262144,"[""on-chip-RAM""]",0x20000000,65536,,,,"[""ST,STM32-GPIOv2-pin-controller""]",4,True,"[""ST,STM32-GPIOv2""]","[""ST,STM32-GPIOv2""]","[""ST,STM32-GPIOv2""]","[""ST,STM32-GPIOv2""]","[""ST,STM32-GPIOv2""]",,,"[""ST,STM32-GPIOv2""]",,"[""ST,STM32-SPIv2""]","[""ST,STM32-SPIv2""]","[""ST,STM32-SPIv2""]","[""ST,STM32-USARTv2-common""]",True,"[""ST,STM32-USARTv2""]","[""ST,STM32-USARTv2""]","[""ST,STM32-USARTv2""]",,
"[""ST,STM32L442KC"", ""ST,STM32L4"", ""ST,STM32""]","[""ARM,Cortex-M4"", ""ARM,ARMv7-M""]",r0p1,"[""ARM,FPv4-SP-D16""]","[""ST,STM32-HSE"", ""fixed-clock""]",0,True,"[""on-chip-flash""]",0x8000000,262144,"[""on-chip-RAM""]",0x20000000,65536,,,,"[""ST,STM32-GPIOv2-pin-controller""]",4,True,"[""ST,STM32-GPIOv2""]","[""ST,STM32-GPIOv2""]","[""ST,STM32-GPIOv2""]",,,,,"[""ST,STM32-GPIOv2""]",,"[""ST,STM32-SPIv2""]",,"[""ST,STM32-SPIv2""]","[""ST,STM32-USARTv2-common""]",True,"[""ST,STM32-USARTv2""]","[""ST,STM32-USARTv2""]",,,
"[""ST,STM32L443CC"", ""ST,STM32L4"", ""ST,STM32""]","[""ARM,Cortex-M4"", ""ARM,ARMv7-M""]",r0p1,"[""ARM,FPv4-SP-D16""]","[""ST,STM32-HSE"", ""fixed-clock""]",0,False,"[""on-chip-flash""]",0x8000000,262144,"[""on-chip-RAM""]",0x20000000,65536,,,,"[""ST,STM32-GPIOv2-pin-controller""]",4,True,"[""ST,STM32-GPIOv2""]","[""ST,STM32-GPIOv2""]","[""ST,STM32-GPIOv2""]",,,,,"[""ST,STM32-GPIOv2""]",,"[""ST,STM32-SPIv2""]","[""ST,STM32-SPIv2""]","[""ST,STM32-SPIv2""]","[""ST,STM32-USARTv2-common""]",True,"[""ST,STM32-USARTv2""]","[""ST,STM32-USARTv2""]","[""ST,STM32-USARTv2""]",,
"[""ST,STM32L443RC"", ""ST,STM32L4"", ""ST,STM32""]","[""ARM,Cortex-M4"", ""ARM,ARMv7-M""]",r0p1,"[""ARM,FPv4-SP-D16""]","[""ST,STM32-HSE"", ""fixed-clock""]",0,False,"[""on-chip-flash""]",0x8000000,262144,"[""on-chip-RAM""]",0x20000000,65536,,,,"[""ST,STM32-GPIOv2-pin-controller""]",4,True,"[""ST,STM32-GPIOv2""]","[""ST,STM32-GPIOv2""]","[""ST,STM32-GPIOv2""]","[""ST,STM32-GPIOv2""]",,,,"[""ST,STM32-GPIOv2""]",,"[""ST,STM32-SPIv2""]","[""ST,STM32-SPIv2""]","[""ST,STM32-SPIv2""]","[""ST,STM32-USARTv2-common""]",True,"[""ST,STM32-USARTv2""]","[""ST,STM32-USARTv2""]","[""ST,STM32-USARTv2""]",,
"[""ST,STM32L443VC"", ""ST,STM32L4"", ""ST,STM32""]","[""ARM,Cortex-M4"", ""ARM,ARMv7-M""]",r0p1,"[""ARM,FPv4-SP-D16""]","[""ST,STM32-HSE"", ""fixed-clock""]",0,False,"[""on-chip-flash""]",0x8000000,262144,"[""on-chip-RAM""]",0x20000000,65536,,,,"[""ST,STM32-GPIOv2-pin-controller""]",4,True,"[""ST,STM32-GPIOv2""]","[""ST,STM32-GPIOv2""]","[""ST,STM32-GPIOv2""]","[""ST,STM32-GPIOv2""]","[""ST,STM32-GPIOv2""]",,,"[""ST,STM32-GPIOv2""]",,"[""ST,STM32-SPIv2""]","[""ST,STM32-SPIv2""]","[""ST,STM32-SPIv2""]","[""ST,STM32-USARTv2-common""]",True,"[""ST,STM32-USARTv2""]","[""ST,STM32-USARTv2""]","[""ST,STM32-USARTv2""]",,
"[""ST,STM32L451CC"", ""ST,STM32L4"", ""ST,STM32""]","[""ARM,Cortex-M4"", ""ARM,ARMv7-M""]",r0p1,"[""ARM,FPv4-SP-D16""]","[""ST,STM32-HSE"", ""fixed-clock""]",0,False,"[""on-chip-flash""]",0x8000000,262144,"[""on-chip-RAM""]",0x20000000,163840,,,,"[""ST,STM32-GPIOv2-pin-controller""]",4,True,"[""ST,STM32-GPIOv2""]","[""ST,STM32-GPIOv2""]","[""ST,STM32-GPIOv2""]",,,,,"[""ST,STM32-GPIOv2""]",,"[""ST,STM32-SPIv2""]","[""ST,STM32-SPIv2""]","[""ST,STM32-SPIv2""]","[""ST,STM32-USARTv2-common""]",True,"[""ST,STM32-USARTv2""]","[""ST,STM32-USARTv2""]","[""ST,STM32-USARTv2""]","[""ST,STM32-USARTv2""]",
"[""ST,STM32L451CE"", ""ST,STM32L4"", ""ST,STM32""]","[""ARM,Cortex-M4"", ""ARM,ARMv7-M""]",r0p1,"[""ARM,FPv4-SP-D16""]","[""ST,STM32-HSE"", ""fixed-clock""]",0,False,"[""on-chip-flash""]",0x8000000,524288,"[""on-chip-RAM""]",0x20000000,163840,,,,"[""ST,STM32-GPIOv2-pin-controller""]",4,True,"[""ST,STM32-GPIOv2""]","[""ST,STM32-GPIOv2""]","[""ST,STM32-GPIOv2""]",,,,,"[""ST,STM32-GPIOv2""]",,"[""ST,STM32-SPIv2""]","[""ST,STM32-SPIv2""]","[""ST,STM32-SPIv2""]","[""ST,STM32-USARTv2-common""]",True,"[""ST,STM32-USARTv2""]","[""ST,STM32-USARTv2""]","[""ST,STM32-USARTv2""]","[""ST,STM32-USARTv2""]",
"[""ST,STM32L451RC"", ""ST,STM32L4"", ""ST,STM32""]","[""ARM,Cortex-M4"", ""ARM,ARMv7-M""]",r0p1,"[""ARM,FPv4-SP-D16""]","[""ST,STM32-HSE"", ""fixed-clock""]",0,False,"[""on-chip-flash""]",0x8000000,262144,"[""on-chip-RAM""]",0x20000000,163840,,,,"[""ST,STM32-GPIOv2-pin-controller""]",4,True,"[""ST,STM32-GPIOv2""]","[""ST,STM32-GPIOv2""]","[""ST,STM32-GPIOv2""]","[""ST,STM32-GPIOv2""]",,,,"[""ST,STM32-GPIOv2""]",,"[""ST,STM32-SPIv2""]","[""ST,STM32-SPIv2""]","[""ST,STM32-SPIv2""]","[""ST,STM32-USARTv2-common""]",True,"[""ST,STM32-USARTv2""]","[""ST,STM32-USARTv2""]","[""ST,STM32-USARTv2""]","[""ST,STM32-USARTv2""]",
"[""ST,STM32L451RE"", ""ST,STM32L4"", ""ST,STM32""]","[""ARM,Cortex-M4"", ""ARM,ARMv7-M""]",r0p1,"[""ARM,FPv4-SP-D16""]","[""ST,STM32-HSE"", ""fixed-clock""]",0,False,"[""on-chip-flash""]",0x8000000,524288,"[""on-chip-RAM""]",0x20000000,163840,,,,"[""ST,STM32-GPIOv2-pin-controller""]",4,True,"[""ST,STM32-GPIOv2""]","[""ST,STM32-GPIOv2""]","[""ST,STM32-GPIOv2""]","[""ST,STM32-GPIOv2""]",,,,"[""ST,STM32-GPIOv2""]",,"[""ST,STM32-SPIv2""]","[""ST,STM32-SPIv2""]","[""ST,STM32-SPIv2""]","[""ST,STM32-USARTv2-common""]",True,"[""ST,STM32-USARTv2""]","[""ST,STM32-USARTv2""]","[""ST,STM32-USARTv2""]","[""ST,STM32-USARTv2""]",
"[""ST,STM32L451VC"", ""ST,STM32L4"", ""ST,STM32""]","[""ARM,Cortex-M4"", ""ARM,ARMv7-M""]",r0p1,"[""ARM,FPv4-SP-D16""]","[""ST,STM32-HSE"", ""fixed-clock""]",0,False,"[""on-chip-flash""]",0x8000000,262144,"[""on-chip-RAM""]",0x20000000,163840,,,,"[""ST,STM32-GPIOv2-pin-controller""]",4,True,"[""ST,STM32-GPIOv2""]","[""ST,STM32-GPIOv2""]","[""ST,STM32-GPIOv2""]","[""ST,STM32-GPIOv2""]","[""ST,STM32-GPIOv2""]",,,"[""ST,STM32-GPIOv2""]",,"[""ST,STM32-SPIv2""]","[""ST,STM32-SPIv2""]","[""ST,STM32-SPIv2""]","[""ST,STM32-USARTv2-common""]",True,"[""ST,STM32-USARTv2""]","[""ST,STM32-USARTv2""]","[""ST,STM32-USARTv2""]","[""ST,STM32-USARTv2""]",
"[""ST,STM32L451VE"", ""ST,STM32L4"", ""ST,STM32""]","[""ARM,Cortex-M4"", ""ARM,ARMv7-M""]",r0p1,"[""ARM,FPv4-SP-D16""]","[""ST,STM32-HSE"", ""fixed-clock""]",0,False,"[""on-chip-flash""]",0x8000000,524288,"[""on-chip-RAM""]",0x20000000,163840,,,,"[""ST,STM32-GPIOv2-pin-controller""]",4,True,"[""ST,STM32-GPIOv2""]","[""ST,STM32-GPIOv2""]","[""ST,STM32-GPIOv2""]","[""ST,STM32-GPIOv2""]","[""ST,STM32-GPIOv2""]",,,"[""ST,STM32-GPIOv2""]",,"[""ST,STM32-SPIv2""]","[""ST,STM32-SPIv2""]","[""ST,STM32-SPIv2""]","[""ST,STM32-USARTv2-common""]",True,"[""ST,STM32-USARTv2""]","[""ST,STM32-USARTv2""]","[""ST,STM32-USARTv2""]","[""ST,STM32-USARTv2""]",
"[""ST,STM32L452CC"", ""ST,STM32L4"", ""ST,STM32""]","[""ARM,Cortex-M4"", ""ARM,ARMv7-M""]",r0p1,"[""ARM,FPv4-SP-D16""]","[""ST,STM32-HSE"", ""fixed-clock""]",0,False,"[""on-chip-flash""]",0x8000000,262144,"[""on-chip-RAM""]",0x20000000,163840,,,,"[""ST,STM32-GPIOv2-pin-controller""]",4,True,"[""ST,STM32-GPIOv2""]","[""ST,STM32-GPIOv2""]","[""ST,STM32-GPIOv2""]",,,,,"[""ST,STM32-GPIOv2""]",,"[""ST,STM32-SPIv2""]","[""ST,STM32-SPIv2""]","[""ST,STM32-SPIv2""]","[""ST,STM32-USARTv2-common""]",True,"[""ST,STM32-USARTv2""]","[""ST,STM32-USARTv2""]","[""ST,STM32-USARTv2""]","[""ST,STM32-USARTv2""]",
"[""ST,STM32L452CE"", ""ST,STM32L4"", ""ST,STM32""]","[""ARM,Cortex-M4"", ""ARM,ARMv7-M""]",r0p1,"[""ARM,FPv4-SP-D16""]","[""ST,STM32-HSE"", ""fixed-clock""]",0,False,"[""on-chip-flash""]",0x8000000,524288,"[""on-chip-RAM""]",0x20000000,163840,,,,"[""ST,STM32-GPIOv2-pin-controller""]",4,True,"[""ST,STM32-GPIOv2""]","[""ST,STM32-GPIOv2""]","[""ST,STM32-GPIOv2""]",,,,,"[""ST,STM32-GPIOv2""]",,"[""ST,STM32-SPIv2""]","[""ST,STM32-SPIv2""]","[""ST,STM32-SPIv2""]","[""ST,STM32-USARTv2-common""]",True,"[""ST,STM32-USARTv2""]","[""ST,STM32-USARTv2""]","[""ST,STM32-USARTv2""]","[""ST,STM32-USARTv2""]",
"[""ST,STM32L452RC"", ""ST,STM32L4"", ""ST,STM32""]","[""ARM,Cortex-M4"", ""ARM,ARMv7-M""]",r0p1,"[""ARM,FPv4-SP-D16""]","[""ST,STM32-HSE"", ""fixed-clock""]",0,False,"[""on-chip-flash""]",0x8000000,262144,"[""on-chip-RAM""]",0x20000000,163840,,,,"[""ST,STM32-GPIOv2-pin-controller""]",4,True,"[""ST,STM32-GPIOv2""]","[""ST,STM32-GPIOv2""]","[""ST,STM32-GPIOv2""]","[""ST,STM32-GPIOv2""]",,,,"[""ST,STM32-GPIOv2""]",,"[""ST,STM32-SPIv2""]","[""ST,STM32-SPIv2""]","[""ST,STM32-SPIv2""]","[""ST,STM32-USARTv2-common""]",True,"[""ST,STM32-USARTv2""]","[""ST,STM32-USARTv2""]","[""ST,STM32-USARTv2""]","[""ST,STM32-USARTv2""]",
"[""ST,STM32L452RE"", ""ST,STM32L4"", ""ST,STM32""]","[""ARM,Cortex-M4"", ""ARM,ARMv7-M""]",r0p1,"[""ARM,FPv4-SP-D16""]","[""ST,STM32-HSE"", ""fixed-clock""]",0,False,"[""on-chip-flash""]",0x8000000,524288,"[""on-chip-RAM""]",0x20000000,163840,,,,"[""ST,STM32-GPIOv2-pin-controller""]",4,True,"[""ST,STM32-GPIOv2""]","[""ST,STM32-GPIOv2""]","[""ST,STM32-GPIOv2""]","[""ST,STM32-GPIOv2""]",,,,"[""ST,STM32-GPIOv2""]",,"[""ST,STM32-SPIv2""]","[""ST,STM32-SPIv2""]","[""ST,STM32-SPIv2""]","[""ST,STM32-USARTv2-common""]",True,"[""ST,STM32-USARTv2""]","[""ST,STM32-USARTv2""]","[""ST,STM32-USARTv2""]","[""ST,STM32-USARTv2""]",
"[""ST,STM32L452VC"", ""ST,STM32L4"", ""ST,STM32""]","[""ARM,Cortex-M4"", ""ARM,ARMv7-M""]",r0p1,"[""ARM,FPv4-SP-D16""]","[""ST,STM32-HSE"", ""fixed-clock""]",0,False,"[""on-chip-flash""]",0x8000000,262144,"[""on-chip-RAM""]",0x20000000,163840,,,,"[""ST,STM32-GPIOv2-pin-controller""]",4,True,"[""ST,STM32-GPIOv2""]","[""ST,STM32-GPIOv2""]","[""ST,STM32-GPIOv2""]","[""ST,STM32-GPIOv2""]","[""ST,STM32-GPIOv2""]",,,"[""ST,STM32-GPIOv2""]",,"[""ST,STM32-SPIv2""]","[""ST,STM32-SPIv2""]","[""ST,STM32-SPIv2""]","[""ST,STM32-USARTv2-common""]",True,"[""ST,STM32-USARTv2""]","[""ST,STM32-USARTv2""]","[""ST,STM32-USARTv2""]","[""ST,STM32-USARTv2""]",
"[""ST,STM32L452VE"", ""ST,STM32L4"", ""ST,STM32""]","[""ARM,Cortex-M4"", ""ARM,ARMv7-M""]",r0p1,"[""ARM,FPv4-SP-D16""]","[""ST,STM32-HSE"", ""fixed-clock""]",0,False,"[""on-chip-flash""]",0x8000000,524288,"[""on-chip-RAM""]",0x20000000,163840,,,,"[""ST,STM32-GPIOv2-pin-controller""]",4,True,"[""ST,STM32-GPIOv2""]","[""ST,STM32-GPIOv2""]","[""ST,STM32-GPIOv2""]","[""ST,STM32-GPIOv2""]","[""ST,STM32-GPIOv2""]",,,"[""ST,STM32-GPIOv2""]",,"[""ST,STM32-SPIv2""]","[""ST,STM32-SPIv2""]","[""ST,STM32-SPIv2""]","[""ST,STM32-USARTv2-common""]",True,"[""ST,STM32-USARTv2""]","[""ST,STM32-USARTv2""]","[""ST,STM32-USARTv2""]","[""ST,STM32-USARTv2""]",
"[""ST,STM32L462CE"", ""ST,STM32L4"", ""ST,STM32""]","[""ARM,Cortex-M4"", ""ARM,ARMv7-M""]",r0p1,"[""ARM,FPv4-SP-D16""]","[""ST,STM32-HSE"", ""fixed-clock""]",0,False,"[""on-chip-flash""]",0x8000000,524288,"[""on-chip-RAM""]",0x20000000,163840,,,,"[""ST,STM32-GPIOv2-pin-controller""]",4,True,"[""ST,STM32-GPIOv2""]","[""ST,STM32-GPIOv2""]","[""ST,STM32-GPIOv2""]",,,,,"[""ST,STM32-GPIOv2""]",,"[""ST,STM32-SPIv2""]","[""ST,STM32-SPIv2""]","[""ST,STM32-SPIv2""]","[""ST,STM32-USARTv2-common""]",True,"[""ST,STM32-USARTv2""]","[""ST,STM32-USARTv2""]","[""ST,STM32-USARTv2""]","[""ST,STM32-USARTv2""]",
"[""ST,STM32L462RE"", ""ST,STM32L4"", ""ST,STM32""]","[""ARM,Cortex-M4"", ""ARM,ARMv7-M""]",r0p1,"[""ARM,FPv4-SP-D16""]","[""ST,STM32-HSE"", ""fixed-clock""]",0,False,"[""on-chip-flash""]",0x8000000,524288,"[""on-chip-RAM""]",0x20000000,163840,,,,"[""ST,STM32-GPIOv2-pin-controller""]",4,True,"[""ST,STM32-GPIOv2""]","[""ST,STM32-GPIOv2""]","[""ST,STM32-GPIOv2""]","[""ST,STM32-GPIOv2""]",,,,"[""ST,STM32-GPIOv2""]",,"[""ST,STM32-SPIv2""]","[""ST,STM32-SPIv2""]","[""ST,STM32-SPIv2""]","[""ST,STM32-USARTv2-common""]",True,"[""ST,STM32-USARTv2""]","[""ST,STM32-USARTv2""]","[""ST,STM32-USARTv2""]","[""ST,STM32-USARTv2""]",
"[""ST,STM32L462VE"", ""ST,STM32L4"", ""ST,STM32""]","[""ARM,Cortex-M4"", ""ARM,ARMv7-M""]",r0p1,"[""ARM,FPv4-SP-D16""]","[""ST,STM32-HSE"", ""fixed-clock""]",0,False,"[""on-chip-flash""]",0x8000000,524288,"[""on-chip-RAM""]",0x20000000,163840,,,,"[""ST,STM32-GPIOv2-pin-controller""]",4,True,"[""ST,STM32-GPIOv2""]","[""ST,STM32-GPIOv2""]","[""ST,STM32-GPIOv2""]","[""ST,STM32-GPIOv2""]","[""ST,STM32-GPIOv2""]",,,"[""ST,STM32-GPIOv2""]",,"[""ST,STM32-SPIv2""]","[""ST,STM32-SPIv2""]","[""ST,STM32-SPIv2""]","[""ST,STM32-USARTv2-common""]",True,"[""ST,STM32-USARTv2""]","[""ST,STM32-USARTv2""]","[""ST,STM32-USARTv2""]","[""ST,STM32-USARTv2""]",
"[""ST,STM32L471QE"", ""ST,STM32L4"", ""ST,STM32""]","[""ARM,Cortex-M4"", ""ARM,ARMv7-M""]",r0p1,"[""ARM,FPv4-SP-D16""]","[""ST,STM32-HSE"", ""fixed-clock""]",0,False,"[""on-chip-flash""]",0x8000000,524288,"[""on-chip-RAM""]",0x20000000,98304,"[""on-chip-RAM""]",0x10000000,32768,"[""ST,STM32-GPIOv2-pin-controller""]",4,True,"[""ST,STM32-GPIOv2""]","[""ST,STM32-GPIOv2""]","[""ST,STM32-GPIOv2""]","[""ST,STM32-GPIOv2""]","[""ST,STM32-GPIOv2""]","[""ST,STM32-GPIOv2""]","[""ST,STM32-GPIOv2""]","[""ST,STM32-GPIOv2""]",,"[""ST,STM32-SPIv2""]","[""ST,STM32-SPIv2""]","[""ST,STM32-SPIv2""]","[""ST,STM32-USARTv2-common""]",True,"[""ST,STM32-USARTv2""]","[""ST,STM32-USARTv2""]","[""ST,STM32-USARTv2""]","[""ST,STM32-USARTv2""]","[""ST,STM32-USARTv2""]"
"[""ST,STM32L471QG"", ""ST,STM32L4"", ""ST,STM32""]","[""ARM,Cortex-M4"", ""ARM,ARMv7-M""]",r0p1,"[""ARM,FPv4-SP-D16""]","[""ST,STM32-HSE"", ""fixed-clock""]",0,False,"[""on-chip-flash""]",0x8000000,1048576,"[""on-chip-RAM""]",0x20000000,98304,"[""on-chip-RAM""]",0x10000000,32768,"[""ST,STM32-GPIOv2-pin-controller""]",4,True,"[""ST,STM32-GPIOv2""]","[""ST,STM32-GPIOv2""]","[""ST,STM32-GPIOv2""]","[""ST,STM32-GPIOv2""]","[""ST,STM32-GPIOv2""]","[""ST,STM32-GPIOv2""]","[""ST,STM32-GPIOv2""]","[""ST,STM32-GPIOv2""]",,"[""ST,STM32-SPIv2""]","[""ST,STM32-SPIv2""]","[""ST,STM32-SPIv2""]","[""ST,STM32-USARTv2-common""]",True,"[""ST,STM32-USARTv2""]","[""ST,STM32-USARTv2""]","[""ST,STM32-USARTv2""]","[""ST,STM32-USARTv2""]","[""ST,STM32-USARTv2""]"
"[""ST,STM32L471RE"", ""ST,STM32L4"", ""ST,STM32""]","[""ARM,Cortex-M4"", ""ARM,ARMv7-M""]",r0p1,"[""ARM,FPv4-SP-D16""]","[""ST,STM32-HSE"", ""fixed-clock""]",0,False,"[""on-chip-flash""]",0x8000000,524288,"[""on-chip-RAM""]",0x20000000,98304,"[""on-chip-RAM""]",0x10000000,32768,"[""ST,STM32-GPIOv2-pin-controller""]",4,True,"[""ST,STM32-GPIOv2""]","[""ST,STM32-GPIOv2""]","[""ST,STM32-GPIOv2""]","[""ST,STM32-GPIOv2""]",,,,"[""ST,STM32-GPIOv2""]",,"[""ST,STM32-SPIv2""]","[""ST,STM32-SPIv2""]","[""ST,STM32-SPIv2""]","[""ST,STM32-USARTv2-common""]",True,"[""ST,STM32-USARTv2""]","[""ST,STM32-USARTv2""]","[""ST,STM32-USARTv2""]","[""ST,STM32-USARTv2""]","[""ST,STM32-USARTv2""]"
"[""ST,STM32L471RG"", ""ST,STM32L4"", ""ST,STM32""]","[""ARM,Cortex-M4"", ""ARM,ARMv7-M""]",r0p1,"[""ARM,FPv4-SP-D16""]","[""ST,STM32-HSE"", ""fixed-clock""]",0,False,"[""on-chip-flash""]",0x8000000,1048576,"[""on-chip-RAM""]",0x20000000,98304,"[""on-chip-RAM""]",0x10000000,32768,"[""ST,STM32-GPIOv2-pin-controller""]",4,True,"[""ST,STM32-GPIOv2""]","[""ST,STM32-GPIOv2""]","[""ST,STM32-GPIOv2""]","[""ST,STM32-GPIOv2""]",,,,"[""ST,STM32-GPIOv2""]",,"[""ST,STM32-SPIv2""]","[""ST,STM32-SPIv2""]","[""ST,STM32-SPIv2""]","[""ST,STM32-USARTv2-common""]",True,"[""ST,STM32-USARTv2""]","[""ST,STM32-USARTv2""]","[""ST,STM32-USARTv2""]","[""ST,STM32-USARTv2""]","[""ST,STM32-USARTv2""]"
"[""ST,STM32L471VE"", ""ST,STM32L4"", ""ST,STM32""]","[""ARM,Cortex-M4"", ""ARM,ARMv7-M""]",r0p1,"[""ARM,FPv4-SP-D16""]","[""ST,STM32-HSE"", ""fixed-clock""]",0,False,"[""on-chip-flash""]",0x8000000,524288,"[""on-chip-RAM""]",0x20000000,98304,"[""on-chip-RAM""]",0x10000000,32768,"[""ST,STM32-GPIOv2-pin-controller""]",4,True,"[""ST,STM32-GPIOv2""]","[""ST,STM32-GPIOv2""]","[""ST,STM32-GPIOv2""]","[""ST,STM32-GPIOv2""]","[""ST,STM32-GPIOv2""]",,,"[""ST,STM32-GPIOv2""]",,"[""ST,STM32-SPIv2""]","[""ST,STM32-SPIv2""]","[""ST,STM32-SPIv2""]","[""ST,STM32-USARTv2-common""]",True,"[""ST,STM32-USARTv2""]","[""ST,STM32-USARTv2""]","[""ST,STM32-USARTv2""]","[""ST,STM32-USARTv2""]","[""ST,STM32-USARTv2""]"
"[""ST,STM32L471VG"", ""ST,STM32L4"", ""ST,STM32""]","[""ARM,Cortex-M4"", ""ARM,ARMv7-M""]",r0p1,"[""ARM,FPv4-SP-D16""]","[""ST,STM32-HSE"", ""fixed-clock""]",0,False,"[""on-chip-flash""]",0x8000000,1048576,"[""on-chip-RAM""]",0x20000000,98304,"[""on-chip-RAM""]",0x10000000,32768,"[""ST,STM32-GPIOv2-pin-controller""]",4,True,"[""ST,STM32-GPIOv2""]","[""ST,STM32-GPIOv2""]","[""ST,STM32-GPIOv2""]","[""ST,STM32-GPIOv2""]","[""ST,STM32-GPIOv2""]",,,"[""ST,STM32-GPIOv2""]",,"[""ST,STM32-SPIv2""]","[""ST,STM32-SPIv2""]","[""ST,STM32-SPIv2""]","[""ST,STM32-USARTv2-common""]",True,"[""ST,STM32-USARTv2""]","[""ST,STM32-USARTv2""]","[""ST,STM32-USARTv2""]","[""ST,STM32-USARTv2""]","[""ST,STM32-USARTv2""]"
"[""ST,STM32L471ZE"", ""ST,STM32L4"", ""ST,STM32""]","[""ARM,Cortex-M4"", ""ARM,ARMv7-M""]",r0p1,"[""ARM,FPv4-SP-D16""]","[""ST,STM32-HSE"", ""fixed-clock""]",0,False,"[""on-chip-flash""]",0x8000000,524288,"[""on-chip-RAM""]",0x20000000,98304,"[""on-chip-RAM""]",0x10000000,32768,"[""ST,STM32-GPIOv2-pin-controller""]",4,True,"[""ST,STM32-GPIOv2""]","[""ST,STM32-GPIOv2""]","[""ST,STM32-GPIOv2""]","[""ST,STM32-GPIOv2""]","[""ST,STM32-GPIOv2""]","[""ST,STM32-GPIOv2""]","[""ST,STM32-GPIOv2""]","[""ST,STM32-GPIOv2""]",,"[""ST,STM32-SPIv2""]","[""ST,STM32-SPIv2""]","[""ST,STM32-SPIv2""]","[""ST,STM32-USARTv2-common""]",True,"[""ST,STM32-USARTv2""]","[""ST,STM32-USARTv2""]","[""ST,STM32-USARTv2""]","[""ST,STM32-USARTv2""]","[""ST,STM32-USARTv2""]"
"[""ST,STM32L471ZG"", ""ST,STM32L4"", ""ST,STM32""]","[""ARM,Cortex-M4"", ""ARM,ARMv7-M""]",r0p1,"[""ARM,FPv4-SP-D16""]","[""ST,STM32-HSE"", ""fixed-clock""]",0,False,"[""on-chip-flash""]",0x8000000,1048576,"[""on-chip-RAM""]",0x20000000,98304,"[""on-chip-RAM""]",0x10000000,32768,"[""ST,STM32-GPIOv2-pin-controller""]",4,True,"[""ST,STM32-GPIOv2""]","[""ST,STM32-GPIOv2""]","[""ST,STM32-GPIOv2""]","[""ST,STM32-GPIOv2""]","[""ST,STM32-GPIOv2""]","[""ST,STM32-GPIOv2""]","[""ST,STM32-GPIOv2""]","[""ST,STM32-GPIOv2""]",,"[""ST,STM32-SPIv2""]","[""ST,STM32-SPIv2""]","[""ST,STM32-SPIv2""]","[""ST,STM32-USARTv2-common""]",True,"[""ST,STM32-USARTv2""]","[""ST,STM32-USARTv2""]","[""ST,STM32-USARTv2""]","[""ST,STM32-USARTv2""]","[""ST,STM32-USARTv2""]"
"[""ST,STM32L475RC"", ""ST,STM32L4"", ""ST,STM32""]","[""ARM,Cortex-M4"", ""ARM,ARMv7-M""]",r0p1,"[""ARM,FPv4-SP-D16""]","[""ST,STM32-HSE"", ""fixed-clock""]",0,False,"[""on-chip-flash""]",0x8000000,262144,"[""on-chip-RAM""]",0x20000000,98304,"[""on-chip-RAM""]",0x10000000,32768,"[""ST,STM32-GPIOv2-pin-controller""]",4,True,"[""ST,STM32-GPIOv2""]","[""ST,STM32-GPIOv2""]","[""ST,STM32-GPIOv2""]","[""ST,STM32-GPIOv2""]",,,,"[""ST,STM32-GPIOv2""]",,"[""ST,STM32-SPIv2""]","[""ST,STM32-SPIv2""]","[""ST,STM32-SPIv2""]","[""ST,STM32-USARTv2-common""]",True,"[""ST,STM32-USARTv2""]","[""ST,STM32-USARTv2""]","[""ST,STM32-USARTv2""]","[""ST,STM32-USARTv2""]","[""ST,STM32-USARTv2""]"
"[""ST,STM32L475RE"", ""ST,STM32L4"", ""ST,STM32""]","[""ARM,Cortex-M4"", ""ARM,ARMv7-M""]",r0p1,"[""ARM,FPv4-SP-D16""]","[""ST,STM32-HSE"", ""fixed-clock""]",0,False,"[""on-chip-flash""]",0x8000000,524288,"[""on-chip-RAM""]",0x20000000,98304,"[""on-chip-RAM""]",0x10000000,32768,"[""ST,STM32-GPIOv2-pin-controller""]",4,True,"[""ST,STM32-GPIOv2""]","[""ST,STM32-GPIOv2""]","[""ST,STM32-GPIOv2""]","[""ST,STM32-GPIOv2""]",,,,"[""ST,STM32-GPIOv2""]",,"[""ST,STM32-SPIv2""]","[""ST,STM32-SPIv2""]","[""ST,STM32-SPIv2""]","[""ST,STM32-USARTv2-common""]",True,"[""ST,STM32-USARTv2""]","[""ST,STM32-USARTv2""]","[""ST,STM32-USARTv2""]","[""ST,STM32-USARTv2""]","[""ST,STM32-USARTv2""]"
"[""ST,STM32L475RG"", ""ST,STM32L4"", ""ST,STM32""]","[""ARM,Cortex-M4"", ""ARM,ARMv7-M""]",r0p1,"[""ARM,FPv4-SP-D16""]","[""ST,STM32-HSE"", ""fixed-clock""]",0,False,"[""on-chip-flash""]",0x8000000,1048576,"[""on-chip-RAM""]",0x20000000,98304,"[""on-chip-RAM""]",0x10000000,32768,"[""ST,STM32-GPIOv2-pin-controller""]",4,True,"[""ST,STM32-GPIOv2""]","[""ST,STM32-GPIOv2""]","[""ST,STM32-GPIOv2""]","[""ST,STM32-GPIOv2""]",,,,"[""ST,STM32-GPIOv2""]",,"[""ST,STM32-SPIv2""]","[""ST,STM32-SPIv2""]","[""ST,STM32-SPIv2""]","[""ST,STM32-USARTv2-common""]",True,"[""ST,STM32-USARTv2""]","[""ST,STM32-USARTv2""]","[""ST,STM32-USARTv2""]","[""ST,STM32-USARTv2""]","[""ST,STM32-USARTv2""]"
"[""ST,STM32L475VC"", ""ST,STM32L4"", ""ST,STM32""]","[""ARM,Cortex-M4"", ""ARM,ARMv7-M""]",r0p1,"[""ARM,FPv4-SP-D16""]","[""ST,STM32-HSE"", ""fixed-clock""]",0,False,"[""on-chip-flash""]",0x8000000,262144,"[""on-chip-RAM""]",0x20000000,98304,"[""on-chip-RAM""]",0x10000000,32768,"[""ST,STM32-GPIOv2-pin-controller""]",4,True,"[""ST,STM32-GPIOv2""]","[""ST,STM32-GPIOv2""]","[""ST,STM32-GPIOv2""]","[""ST,STM32-GPIOv2""]","[""ST,STM32-GPIOv2""]",,,"[""ST,STM32-GPIOv2""]",,"[""ST,STM32-SPIv2""]","[""ST,STM32-SPIv2""]","[""ST,STM32-SPIv2""]","[""ST,STM32-USARTv2-common""]",True,"[""ST,STM32-USARTv2""]","[""ST,STM32-USARTv2""]","[""ST,STM32-USARTv2""]","[""ST,STM32-USARTv2""]","[""ST,STM32-USARTv2""]"
"[""ST,STM32L475VE"", ""ST,STM32L4"", ""ST,STM32""]","[""ARM,Cortex-M4"", ""ARM,ARMv7-M""]",r0p1,"[""ARM,FPv4-SP-D16""]","[""ST,STM32-HSE"", ""fixed-clock""]",0,False,"[""on-chip-flash""]",0x8000000,524288,"[""on-chip-RAM""]",0x20000000,98304,"[""on-chip-RAM""]",0x10000000,32768,"[""ST,STM32-GPIOv2-pin-controller""]",4,True,"[""ST,STM32-GPIOv2""]","[""ST,STM32-GPIOv2""]","[""ST,STM32-GPIOv2""]","[""ST,STM32-GPIOv2""]","[""ST,STM32-GPIOv2""]",,,"[""ST,STM32-GPIOv2""]",,"[""ST,STM32-SPIv2""]","[""ST,STM32-SPIv2""]","[""ST,STM32-SPIv2""]","[""ST,STM32-USARTv2-common""]",True,"[""ST,STM32-USARTv2""]","[""ST,STM32-USARTv2""]","[""ST,STM32-USARTv2""]","[""ST,STM32-USARTv2""]","[""ST,STM32-USARTv2""]"
"[""ST,STM32L475VG"", ""ST,STM32L4"", ""ST,STM32""]","[""ARM,Cortex-M4"", ""ARM,ARMv7-M""]",r0p1,"[""ARM,FPv4-SP-D16""]","[""ST,STM32-HSE"", ""fixed-clock""]",0,False,"[""on-chip-flash""]",0x8000000,1048576,"[""on-chip-RAM""]",0x20000000,98304,"[""on-chip-RAM""]",0x10000000,32768,"[""ST,STM32-GPIOv2-pin-controller""]",4,True,"[""ST,STM32-GPIOv2""]","[""ST,STM32-GPIOv2""]","[""ST,STM32-GPIOv2""]","[""ST,STM32-GPIOv2""]","[""ST,STM32-GPIOv2""]",,,"[""ST,STM32-GPIOv2""]",,"[""ST,STM32-SPIv2""]","[""ST,STM32-SPIv2""]","[""ST,STM32-SPIv2""]","[""ST,STM32-USARTv2-common""]",True,"[""ST,STM32-USARTv2""]","[""ST,STM32-USARTv2""]","[""ST,STM32-USARTv2""]","[""ST,STM32-USARTv2""]","[""ST,STM32-USARTv2""]"
"[""ST,STM32L476JE"", ""ST,STM32L4"", ""ST,STM32""]","[""ARM,Cortex-M4"", ""ARM,ARMv7-M""]",r0p1,"[""ARM,FPv4-SP-D16""]","[""ST,STM32-HSE"", ""fixed-clock""]",0,False,"[""on-chip-flash""]",0x8000000,524288,"[""on-chip-RAM""]",0x20000000,98304,"[""on-chip-RAM""]",0x10000000,32768,"[""ST,STM32-GPIOv2-pin-controller""]",4,True,"[""ST,STM32-GPIOv2""]","[""ST,STM32-GPIOv2""]","[""ST,STM32-GPIOv2""]","[""ST,STM32-GPIOv2""]",,,"[""ST,STM32-GPIOv2""]","[""ST,STM32-GPIOv2""]",,"[""ST,STM32-SPIv2""]","[""ST,STM32-SPIv2""]","[""ST,STM32-SPIv2""]","[""ST,STM32-USARTv2-common""]",True,"[""ST,STM32-USARTv2""]","[""ST,STM32-USARTv2""]","[""ST,STM32-USARTv2""]","[""ST,STM32-USARTv2""]","[""ST,STM32-USARTv2""]"
"[""ST,STM32L476JG"", ""ST,STM32L4"", ""ST,STM32""]","[""ARM,Cortex-M4"", ""ARM,ARMv7-M""]",r0p1,"[""ARM,FPv4-SP-D16""]","[""ST,STM32-HSE"", ""fixed-clock""]",0,False,"[""on-chip-flash""]",0x8000000,1048576,"[""on-chip-RAM""]",0x20000000,98304,"[""on-chip-RAM""]",0x10000000,32768,"[""ST,STM32-GPIOv2-pin-controller""]",4,True,"[""ST,STM32-GPIOv2""]","[""ST,STM32-GPIOv2""]","[""ST,STM32-GPIOv2""]","[""ST,STM32-GPIOv2""]",,,"[""ST,STM32-GPIOv2""]","[""ST,STM32-GPIOv2""]",,"[""ST,STM32-SPIv2""]","[""ST,STM32-SPIv2""]","[""ST,STM32-SPIv2""]","[""ST,STM32-USARTv2-common""]",True,"[""ST,STM32-USARTv2""]","[""ST,STM32-USARTv2""]","[""ST,STM32-USARTv2""]","[""ST,STM32-USARTv2""]","[""ST,STM32-USARTv2""]"
"[""ST,STM32L476ME"", ""ST,STM32L4"", ""ST,STM32""]","[""ARM,Cortex-M4"", ""ARM,ARMv7-M""]",r0p1,"[""ARM,FPv4-SP-D16""]","[""ST,STM32-HSE"", ""fixed-clock""]",0,False,"[""on-chip-flash""]",0x8000000,524288,"[""on-chip-RAM""]",0x20000000,98304,"[""on-chip-RAM""]",0x10000000,32768,"[""ST,STM32-GPIOv2-pin-controller""]",4,True,"[""ST,STM32-GPIOv2""]","[""ST,STM32-GPIOv2""]","[""ST,STM32-GPIOv2""]","[""ST,STM32-GPIOv2""]","[""ST,STM32-GPIOv2""]",,"[""ST,STM32-GPIOv2""]","[""ST,STM32-GPIOv2""]",,"[""ST,STM32-SPIv2""]","[""ST,STM32-SPIv2""]","[""ST,STM32-SPIv2""]","[""ST,STM32-USARTv2-common""]",True,"[""ST,STM32-USARTv2""]","[""ST,STM32-USARTv2""]","[""ST,STM32-USARTv2""]","[""ST,STM32-USARTv2""]","[""ST,STM32-USARTv2""]"
"[""ST,STM32L476MG"", ""ST,STM32L4"", ""ST,STM32""]","[""ARM,Cortex-M4"", ""ARM,ARMv7-M""]",r0p1,"[""ARM,FPv4-SP-D16""]","[""ST,STM32-HSE"", ""fixed-clock""]",0,False,"[""on-chip-flash""]",0x8000000,1048576,"[""on-chip-RAM""]",0x20000000,98304,"[""on-chip-RAM""]",0x10000000,32768,"[""ST,STM32-GPIOv2-pin-controller""]",4,True,"[""ST,STM32-GPIOv2""]","[""ST,STM32-GPIOv2""]","[""ST,STM32-GPIOv2""]","[""ST,STM32-GPIOv2""]","[""ST,STM32-GPIOv2""]",,"[""ST,STM32-GPIOv2""]","[""ST,STM32-GPIOv2""]",,"[""ST,STM32-SPIv2""]","[""ST,STM32-SPIv2""]","[""ST,STM32-SPIv2""]","[""ST,STM32-USARTv2-common""]",True,"[""ST,STM32-USARTv2""]","[""ST,STM32-USARTv2""]","[""ST,STM32-USARTv2""]","[""ST,STM32-USARTv2""]","[""ST,STM32-USARTv2""]"
"[""ST,STM32L476QE"", ""ST,STM32L4"", ""ST,STM32""]","[""ARM,Cortex-M4"", ""ARM,ARMv7-M""]",r0p1,"[""ARM,FPv4-SP-D16""]","[""ST,STM32-HSE"", ""fixed-clock""]",0,False,"[""on-chip-flash""]",0x8000000,524288,"[""on-chip-RAM""]",0x20000000,98304,"[""on-chip-RAM""]",0x10000000,32768,"[""ST,STM32-GPIOv2-pin-controller""]",4,True,"[""ST,STM32-GPIOv2""]","[""ST,STM32-GPIOv2""]","[""ST,STM32-GPIOv2""]","[""ST,STM32-GPIOv2""]","[""ST,STM32-GPIOv2""]","[""ST,STM32-GPIOv2""]","[""ST,STM32-GPIOv2""]","[""ST,STM32-GPIOv2""]",,"[""ST,STM32-SPIv2""]","[""ST,STM32-SPIv2""]","[""ST,STM32-SPIv2""]","[""ST,STM32-USARTv2-common""]",True,"[""ST,STM32-USARTv2""]","[""ST,STM32-USARTv2""]","[""ST,STM32-USARTv2""]","[""ST,STM32-USARTv2""]","[""ST,STM32-USARTv2""]"
"[""ST,STM32L476QG"", ""ST,STM32L4"", ""ST,STM32""]","[""ARM,Cortex-M4"", ""ARM,ARMv7-M""]",r0p1,"[""ARM,FPv4-SP-D16""]","[""ST,STM32-HSE"", ""fixed-clock""]",0,False,"[""on-chip-flash""]",0x8000000,1048576,"[""on-chip-RAM""]",0x20000000,98304,"[""on-chip-RAM""]",0x10000000,32768,"[""ST,STM32-GPIOv2-pin-controller""]",4,True,"[""ST,STM32-GPIOv2""]","[""ST,STM32-GPIOv2""]","[""ST,STM32-GPIOv2""]","[""ST,STM32-GPIOv2""]","[""ST,STM32-GPIOv2""]","[""ST,STM32-GPIOv2""]","[""ST,STM32-GPIOv2""]","[""ST,STM32-GPIOv2""]",,"[""ST,STM32-SPIv2""]","[""ST,STM32-SPIv2""]","[""ST,STM32-SPIv2""]","[""ST,STM32-USARTv2-common""]",True,"[""ST,STM32-USARTv2""]","[""ST,STM32-USARTv2""]","[""ST,STM32-USARTv2""]","[""ST,STM32-USARTv2""]","[""ST,STM32-USARTv2""]"
"[""ST,STM32L476RC"", ""ST,STM32L4"", ""ST,STM32""]","[""ARM,Cortex-M4"", ""ARM,ARMv7-M""]",r0p1,"[""ARM,FPv4-SP-D16""]","[""ST,STM32-HSE"", ""fixed-clock""]",0,False,"[""on-chip-flash""]",0x8000000,262144,"[""on-chip-RAM""]",0x20000000,98304,"[""on-chip-RAM""]",0x10000000,32768,"[""ST,STM32-GPIOv2-pin-controller""]",4,True,"[""ST,STM32-GPIOv2""]","[""ST,STM32-GPIOv2""]","[""ST,STM32-GPIOv2""]","[""ST,STM32-GPIOv2""]",,,,"[""ST,STM32-GPIOv2""]",,"[""ST,STM32-SPIv2""]","[""ST,STM32-SPIv2""]","[""ST,STM32-SPIv2""]","[""ST,STM32-USARTv2-common""]",True,"[""ST,STM32-USARTv2""]","[""ST,STM32-USARTv2""]","[""ST,STM32-USARTv2""]","[""ST,STM32-USARTv2""]","[""ST,STM32-USARTv2""]"
"[""ST,STM32L476RE"", ""ST,STM32L4"", ""ST,STM32""]","[""ARM,Cortex-M4"", ""ARM,ARMv7-M""]",r0p1,"[""ARM,FPv4-SP-D16""]","[""ST,STM32-HSE"", ""fixed-clock""]",0,False,"[""on-chip-flash""]",0x8000000,524288,"[""on-chip-RAM""]",0x20000000,98304,"[""on-chip-RAM""]",0x10000000,32768,"[""ST,STM32-GPIOv2-pin-controller""]",4,True,"[""ST,STM32-GPIOv2""]","[""ST,STM32-GPIOv2""]","[""ST,STM32-GPIOv2""]","[""ST,STM32-GPIOv2""]",,,,"[""ST,STM32-GPIOv2""]",,"[""ST,STM32-SPIv2""]","[""ST,STM32-SPIv2""]","[""ST,STM32-SPIv2""]","[""ST,STM32-USARTv2-common""]",True,"[""ST,STM32-USARTv2""]","[""ST,STM32-USARTv2""]","[""ST,STM32-USARTv2""]","[""ST,STM32-USARTv2""]","[""ST,STM32-USARTv2""]"
"[""ST,STM32L476RG"", ""ST,STM32L4"", ""ST,STM32""]","[""ARM,Cortex-M4"", ""ARM,ARMv7-M""]",r0p1,"[""ARM,FPv4-SP-D16""]","[""ST,STM32-HSE"", ""fixed-clock""]",0,False,"[""on-chip-flash""]",0x8000000,1048576,"[""on-chip-RAM""]",0x20000000,98304,"[""on-chip-RAM""]",0x10000000,32768,"[""ST,STM32-GPIOv2-pin-controller""]",4,True,"[""ST,STM32-GPIOv2""]","[""ST,STM32-GPIOv2""]","[""ST,STM32-GPIOv2""]","[""ST,STM32-GPIOv2""]",,,,"[""ST,STM32-GPIOv2""]",,"[""ST,STM32-SPIv2""]","[""ST,STM32-SPIv2""]","[""ST,STM32-SPIv2""]","[""ST,STM32-USARTv2-common""]",True,"[""ST,STM32-USARTv2""]","[""ST,STM32-USARTv2""]","[""ST,STM32-USARTv2""]","[""ST,STM32-USARTv2""]","[""ST,STM32-USARTv2""]"
"[""ST,STM32L476VC"", ""ST,STM32L4"", ""ST,STM32""]","[""ARM,Cortex-M4"", ""ARM,ARMv7-M""]",r0p1,"[""ARM,FPv4-SP-D16""]","[""ST,STM32-HSE"", ""fixed-clock""]",0,False,"[""on-chip-flash""]",0x8000000,262144,"[""on-chip-RAM""]",0x20000000,98304,"[""on-chip-RAM""]",0x10000000,32768,"[""ST,STM32-GPIOv2-pin-controller""]",4,True,"[""ST,STM32-GPIOv2""]","[""ST,STM32-GPIOv2""]","[""ST,STM32-GPIOv2""]","[""ST,STM32-GPIOv2""]","[""ST,STM32-GPIOv2""]",,,"[""ST,STM32-GPIOv2""]",,"[""ST,STM32-SPIv2""]","[""ST,STM32-SPIv2""]","[""ST,STM32-SPIv2""]","[""ST,STM32-USARTv2-common""]",True,"[""ST,STM32-USARTv2""]","[""ST,STM32-USARTv2""]","[""ST,STM32-USARTv2""]","[""ST,STM32-USARTv2""]","[""ST,STM32-USARTv2""]"
"[""ST,STM32L476VE"", ""ST,STM32L4"", ""ST,STM32""]","[""ARM,Cortex-M4"", ""ARM,ARMv7-M""]",r0p1,"[""ARM,FPv4-SP-D16""]","[""ST,STM32-HSE"", ""fixed-clock""]",0,False,"[""on-chip-flash""]",0x8000000,524288,"[""on-chip-RAM""]",0x20000000,98304,"[""on-chip-RAM""]",0x10000000,32768,"[""ST,STM32-GPIOv2-pin-controller""]",4,True,"[""ST,STM32-GPIOv2""]","[""ST,STM32-GPIOv2""]","[""ST,STM32-GPIOv2""]","[""ST,STM32-GPIOv2""]","[""ST,STM32-GPIOv2""]",,,"[""ST,STM32-GPIOv2""]",,"[""ST,STM32-SPIv2""]","[""ST,STM32-SPIv2""]","[""ST,STM32-SPIv2""]","[""ST,STM32-USARTv2-common""]",True,"[""ST,STM32-USARTv2""]","[""ST,STM32-USARTv2""]","[""ST,STM32-USARTv2""]","[""ST,STM32-USARTv2""]","[""ST,STM32-USARTv2""]"
"[""ST,STM32L476VG"", ""ST,STM32L4"", ""ST,STM32""]","[""ARM,Cortex-M4"", ""ARM,ARMv7-M""]",r0p1,"[""ARM,FPv4-SP-D16""]","[""ST,STM32-HSE"", ""fixed-clock""]",0,False,"[""on-chip-flash""]",0x8000000,1048576,"[""on-chip-RAM""]",0x20000000,98304,"[""on-chip-RAM""]",0x10000000,32768,"[""ST,STM32-GPIOv2-pin-controller""]",4,True,"[""ST,STM32-GPIOv2""]","[""ST,STM32-GPIOv2""]","[""ST,STM32-GPIOv2""]","[""ST,STM32-GPIOv2""]","[""ST,STM32-GPIOv2""]",,,"[""ST,STM32-GPIOv2""]",,"[""ST,STM32-SPIv2""]","[""ST,STM32-SPIv2""]","[""ST,STM32-SPIv2""]","[""ST,STM32-USARTv2-common""]",True,"[""ST,STM32-USARTv2""]","[""ST,STM32-USARTv2""]","[""ST,STM32-USARTv2""]","[""ST,STM32-USARTv2""]","[""ST,STM32-USARTv2""]"
"[""ST,STM32L476ZE"", ""ST,STM32L4"", ""ST,STM32""]","[""ARM,Cortex-M4"", ""ARM,ARMv7-M""]",r0p1,"[""ARM,FPv4-SP-D16""]","[""ST,STM32-HSE"", ""fixed-clock""]",0,False,"[""on-chip-flash""]",0x8000000,524288,"[""on-chip-RAM""]",0x20000000,98304,"[""on-chip-RAM""]",0x10000000,32768,"[""ST,STM32-GPIOv2-pin-controller""]",4,True,"[""ST,STM32-GPIOv2""]","[""ST,STM32-GPIOv2""]","[""ST,STM32-GPIOv2""]","[""ST,STM32-GPIOv2""]","[""ST,STM32-GPIOv2""]","[""ST,STM32-GPIOv2""]","[""ST,STM32-GPIOv2""]","[""ST,STM32-GPIOv2""]",,"[""ST,STM32-SPIv2""]","[""ST,STM32-SPIv2""]","[""ST,STM32-SPIv2""]","[""ST,STM32-USARTv2-common""]",True,"[""ST,STM32-USARTv2""]","[""ST,STM32-USARTv2""]","[""ST,STM32-USARTv2""]","[""ST,STM32-USARTv2""]","[""ST,STM32-USARTv2""]"
"[""ST,STM32L476ZG"", ""ST,STM32L4"", ""ST,STM32""]","[""ARM,Cortex-M4"", ""ARM,ARMv7-M""]",r0p1,"[""ARM,FPv4-SP-D16""]","[""ST,STM32-HSE"", ""fixed-clock""]",0,False,"[""on-chip-flash""]",0x8000000,1048576,"[""on-chip-RAM""]",0x20000000,98304,"[""on-chip-RAM""]",0x10000000,32768,"[""ST,STM32-GPIOv2-pin-controller""]",4,True,"[""ST,STM32-GPIOv2""]","[""ST,STM32-GPIOv2""]","[""ST,STM32-GPIOv2""]","[""ST,STM32-GPIOv2""]","[""ST,STM32-GPIOv2""]","[""ST,STM32-GPIOv2""]","[""ST,STM32-GPIOv2""]","[""ST,STM32-GPIOv2""]",,"[""ST,STM32-SPIv2""]","[""ST,STM32-SPIv2""]","[""ST,STM32-SPIv2""]","[""ST,STM32-USARTv2-common""]",True,"[""ST,STM32-USARTv2""]","[""ST,STM32-USARTv2""]","[""ST,STM32-USARTv2""]","[""ST,STM32-USARTv2""]","[""ST,STM32-USARTv2""]"
"[""ST,STM32L486JG"", ""ST,STM32L4"", ""ST,STM32""]","[""ARM,Cortex-M4"", ""ARM,ARMv7-M""]",r0p1,"[""ARM,FPv4-SP-D16""]","[""ST,STM32-HSE"", ""fixed-clock""]",0,False,"[""on-chip-flash""]",0x8000000,1048576,"[""on-chip-RAM""]",0x20000000,98304,"[""on-chip-RAM""]",0x10000000,32768,"[""ST,STM32-GPIOv2-pin-controller""]",4,True,"[""ST,STM32-GPIOv2""]","[""ST,STM32-GPIOv2""]","[""ST,STM32-GPIOv2""]","[""ST,STM32-GPIOv2""]",,,"[""ST,STM32-GPIOv2""]","[""ST,STM32-GPIOv2""]",,"[""ST,STM32-SPIv2""]","[""ST,STM32-SPIv2""]","[""ST,STM32-SPIv2""]","[""ST,STM32-USARTv2-common""]",True,"[""ST,STM32-USARTv2""]","[""ST,STM32-USARTv2""]","[""ST,STM32-USARTv2""]","[""ST,STM32-USARTv2""]","[""ST,STM32-USARTv2""]"
"[""ST,STM32L486QG"", ""ST,STM32L4"", ""ST,STM32""]","[""ARM,Cortex-M4"", ""ARM,ARMv7-M""]",r0p1,"[""ARM,FPv4-SP-D16""]","[""ST,STM32-HSE"", ""fixed-clock""]",0,False,"[""on-chip-flash""]",0x8000000,1048576,"[""on-chip-RAM""]",0x20000000,98304,"[""on-chip-RAM""]",0x10000000,32768,"[""ST,STM32-GPIOv2-pin-controller""]",4,True,"[""ST,STM32-GPIOv2""]","[""ST,STM32-GPIOv2""]","[""ST,STM32-GPIOv2""]","[""ST,STM32-GPIOv2""]","[""ST,STM32-GPIOv2""]","[""ST,STM32-GPIOv2""]","[""ST,STM32-GPIOv2""]","[""ST,STM32-GPIOv2""]",,"[""ST,STM32-SPIv2""]","[""ST,STM32-SPIv2""]","[""ST,STM32-SPIv2""]","[""ST,STM32-USARTv2-common""]",True,"[""ST,STM32-USARTv2""]","[""ST,STM32-USARTv2""]","[""ST,STM32-USARTv2""]","[""ST,STM32-USARTv2""]","[""ST,STM32-USARTv2""]"
"[""ST,STM32L486RG"", ""ST,STM32L4"", ""ST,STM32""]","[""ARM,Cortex-M4"", ""ARM,ARMv7-M""]",r0p1,"[""ARM,FPv4-SP-D16""]","[""ST,STM32-HSE"", ""fixed-clock""]",0,False,"[""on-chip-flash""]",0x8000000,1048576,"[""on-chip-RAM""]",0x20000000,98304,"[""on-chip-RAM""]",0x10000000,32768,"[""ST,STM32-GPIOv2-pin-controller""]",4,True,"[""ST,STM32-GPIOv2""]","[""ST,STM32-GPIOv2""]","[""ST,STM32-GPIOv2""]","[""ST,STM32-GPIOv2""]",,,,"[""ST,STM32-GPIOv2""]",,"[""ST,STM32-SPIv2""]","[""ST,STM32-SPIv2""]","[""ST,STM32-SPIv2""]","[""ST,STM32-USARTv2-common""]",True,"[""ST,STM32-USARTv2""]","[""ST,STM32-USARTv2""]","[""ST,STM32-USARTv2""]","[""ST,STM32-USARTv2""]","[""ST,STM32-USARTv2""]"
"[""ST,STM32L486VG"", ""ST,STM32L4"", ""ST,STM32""]","[""ARM,Cortex-M4"", ""ARM,ARMv7-M""]",r0p1,"[""ARM,FPv4-SP-D16""]","[""ST,STM32-HSE"", ""fixed-clock""]",0,False,"[""on-chip-flash""]",0x8000000,1048576,"[""on-chip-RAM""]",0x20000000,98304,"[""on-chip-RAM""]",0x10000000,32768,"[""ST,STM32-GPIOv2-pin-controller""]",4,True,"[""ST,STM32-GPIOv2""]","[""ST,STM32-GPIOv2""]","[""ST,STM32-GPIOv2""]","[""ST,STM32-GPIOv2""]","[""ST,STM32-GPIOv2""]",,,"[""ST,STM32-GPIOv2""]",,"[""ST,STM32-SPIv2""]","[""ST,STM32-SPIv2""]","[""ST,STM32-SPIv2""]","[""ST,STM32-USARTv2-common""]",True,"[""ST,STM32-USARTv2""]","[""ST,STM32-USARTv2""]","[""ST,STM32-USARTv2""]","[""ST,STM32-USARTv2""]","[""ST,STM32-USARTv2""]"
"[""ST,STM32L486ZG"", ""ST,STM32L4"", ""ST,STM32""]","[""ARM,Cortex-M4"", ""ARM,ARMv7-M""]",r0p1,"[""ARM,FPv4-SP-D16""]","[""ST,STM32-HSE"", ""fixed-clock""]",0,False,"[""on-chip-flash""]",0x8000000,1048576,"[""on-chip-RAM""]",0x20000000,98304,"[""on-chip-RAM""]",0x10000000,32768,"[""ST,STM32-GPIOv2-pin-controller""]",4,True,"[""ST,STM32-GPIOv2""]","[""ST,STM32-GPIOv2""]","[""ST,STM32-GPIOv2""]","[""ST,STM32-GPIOv2""]","[""ST,STM32-GPIOv2""]","[""ST,STM32-GPIOv2""]","[""ST,STM32-GPIOv2""]","[""ST,STM32-GPIOv2""]",,"[""ST,STM32-SPIv2""]","[""ST,STM32-SPIv2""]","[""ST,STM32-SPIv2""]","[""ST,STM32-USARTv2-common""]",True,"[""ST,STM32-USARTv2""]","[""ST,STM32-USARTv2""]","[""ST,STM32-USARTv2""]","[""ST,STM32-USARTv2""]","[""ST,STM32-USARTv2""]"
"[""ST,STM32L496AE"", ""ST,STM32L4"", ""ST,STM32""]","[""ARM,Cortex-M4"", ""ARM,ARMv7-M""]",r0p1,"[""ARM,FPv4-SP-D16""]","[""ST,STM32-HSE"", ""fixed-clock""]",0,False,"[""on-chip-flash""]",0x8000000,524288,"[""on-chip-RAM""]",0x20000000,327680,,,,"[""ST,STM32-GPIOv2-pin-controller""]",4,True,"[""ST,STM32-GPIOv2""]","[""ST,STM32-GPIOv2""]","[""ST,STM32-GPIOv2""]","[""ST,STM32-GPIOv2""]","[""ST,STM32-GPIOv2""]","[""ST,STM32-GPIOv2""]","[""ST,STM32-GPIOv2""]","[""ST,STM32-GPIOv2""]","[""ST,STM32-GPIOv2""]","[""ST,STM32-SPIv2""]","[""ST,STM32-SPIv2""]","[""ST,STM32-SPIv2""]","[""ST,STM32-USARTv2-common""]",True,"[""ST,STM32-USARTv2""]","[""ST,STM32-USARTv2""]","[""ST,STM32-USARTv2""]","[""ST,STM32-USARTv2""]","[""ST,STM32-USARTv2""]"
"[""ST,STM32L496AG"", ""ST,STM32L4"", ""ST,STM32""]","[""ARM,Cortex-M4"", ""ARM,ARMv7-M""]",r0p1,"[""ARM,FPv4-SP-D16""]","[""ST,STM32-HSE"", ""fixed-clock""]",0,False,"[""on-chip-flash""]",0x8000000,1048576,"[""on-chip-RAM""]",0x20000000,327680,,,,"[""ST,STM32-GPIOv2-pin-controller""]",4,True,"[""ST,STM32-GPIOv2""]","[""ST,STM32-GPIOv2""]","[""ST,STM32-GPIOv2""]","[""ST,STM32-GPIOv2""]","[""ST,STM32-GPIOv2""]","[""ST,STM32-GPIOv2""]","[""ST,STM32-GPIOv2""]","[""ST,STM32-GPIOv2""]","[""ST,STM32-GPIOv2""]","[""ST,STM32-SPIv2""]","[""ST,STM32-SPIv2""]","[""ST,STM32-SPIv2""]","[""ST,STM32-USARTv2-common""]",True,"[""ST,STM32-USARTv2""]","[""ST,STM32-USARTv2""]","[""ST,STM32-USARTv2""]","[""ST,STM32-USARTv2""]","[""ST,STM32-USARTv2""]"
"[""ST,STM32L496QE"", ""ST,STM32L4"", ""ST,STM32""]","[""ARM,Cortex-M4"", ""ARM,ARMv7-M""]",r0p1,"[""ARM,FPv4-SP-D16""]","[""ST,STM32-HSE"", ""fixed-clock""]",0,False,"[""on-chip-flash""]",0x8000000,524288,"[""on-chip-RAM""]",0x20000000,327680,,,,"[""ST,STM32-GPIOv2-pin-controller""]",4,True,"[""ST,STM32-GPIOv2""]","[""ST,STM32-GPIOv2""]","[""ST,STM32-GPIOv2""]","[""ST,STM32-GPIOv2""]","[""ST,STM32-GPIOv2""]","[""ST,STM32-GPIOv2""]","[""ST,STM32-GPIOv2""]","[""ST,STM32-GPIOv2""]",,"[""ST,STM32-SPIv2""]","[""ST,STM32-SPIv2""]","[""ST,STM32-SPIv2""]","[""ST,STM32-USARTv2-common""]",True,"[""ST,STM32-USARTv2""]","[""ST,STM32-USARTv2""]","[""ST,STM32-USARTv2""]","[""ST,STM32-USARTv2""]","[""ST,STM32-USARTv2""]"
"[""ST,STM32L496QG"", ""ST,STM32L4"", ""ST,STM32""]","[""ARM,Cortex-M4"", ""ARM,ARMv7-M""]",r0p1,"[""ARM,FPv4-SP-D16""]","[""ST,STM32-HSE"", ""fixed-clock""]",0,False,"[""on-chip-flash""]",0x8000000,1048576,"[""on-chip-RAM""]",0x20000000,327680,,,,"[""ST,STM32-GPIOv2-pin-controller""]",4,True,"[""ST,STM32-GPIOv2""]","[""ST,STM32-GPIOv2""]","[""ST,STM32-GPIOv2""]","[""ST,STM32-GPIOv2""]","[""ST,STM32-GPIOv2""]","[""ST,STM32-GPIOv2""]","[""ST,STM32-GPIOv2""]","[""ST,STM32-GPIOv2""]",,"[""ST,STM32-SPIv2""]","[""ST,STM32-SPIv2""]","[""ST,STM32-SPIv2""]","[""ST,STM32-USARTv2-common""]",True,"[""ST,STM32-USARTv2""]","[""ST,STM32-USARTv2""]","[""ST,STM32-USARTv2""]","[""ST,STM32-USARTv2""]","[""ST,STM32-USARTv2""]"
"[""ST,STM32L496RE"", ""ST,STM32L4"", ""ST,STM32""]","[""ARM,Cortex-M4"", ""ARM,ARMv7-M""]",r0p1,"[""ARM,FPv4-SP-D16""]","[""ST,STM32-HSE"", ""fixed-clock""]",0,False,"[""on-chip-flash""]",0x8000000,524288,"[""on-chip-RAM""]",0x20000000,327680,,,,"[""ST,STM32-GPIOv2-pin-controller""]",4,True,"[""ST,STM32-GPIOv2""]","[""ST,STM32-GPIOv2""]","[""ST,STM32-GPIOv2""]","[""ST,STM32-GPIOv2""]",,,,"[""ST,STM32-GPIOv2""]",,"[""ST,STM32-SPIv2""]","[""ST,STM32-SPIv2""]","[""ST,STM32-SPIv2""]","[""ST,STM32-USARTv2-common""]",True,"[""ST,STM32-USARTv2""]","[""ST,STM32-USARTv2""]","[""ST,STM32-USARTv2""]","[""ST,STM32-USARTv2""]","[""ST,STM32-USARTv2""]"
"[""ST,STM32L496RG"", ""ST,STM32L4"", ""ST,STM32""]","[""ARM,Cortex-M4"", ""ARM,ARMv7-M""]",r0p1,"[""ARM,FPv4-SP-D16""]","[""ST,STM32-HSE"", ""fixed-clock""]",0,False,"[""on-chip-flash""]",0x8000000,1048576,"[""on-chip-RAM""]",0x20000000,327680,,,,"[""ST,STM32-GPIOv2-pin-controller""]",4,True,"[""ST,STM32-GPIOv2""]","[""ST,STM32-GPIOv2""]","[""ST,STM32-GPIOv2""]","[""ST,STM32-GPIOv2""]",,,,"[""ST,STM32-GPIOv2""]",,"[""ST,STM32-SPIv2""]","[""ST,STM32-SPIv2""]","[""ST,STM32-SPIv2""]","[""ST,STM32-USARTv2-common""]",True,"[""ST,STM32-USARTv2""]","[""ST,STM32-USARTv2""]","[""ST,STM32-USARTv2""]","[""ST,STM32-USARTv2""]","[""ST,STM32-USARTv2""]"
"[""ST,STM32L496VE"", ""ST,STM32L4"", ""ST,STM32""]","[""ARM,Cortex-M4"", ""ARM,ARMv7-M""]",r0p1,"[""ARM,FPv4-SP-D16""]","[""ST,STM32-HSE"", ""fixed-clock""]",0,False,"[""on-chip-flash""]",0x8000000,524288,"[""on-chip-RAM""]",0x20000000,327680,,,,"[""ST,STM32-GPIOv2-pin-controller""]",4,True,"[""ST,STM32-GPIOv2""]","[""ST,STM32-GPIOv2""]","[""ST,STM32-GPIOv2""]","[""ST,STM32-GPIOv2""]","[""ST,STM32-GPIOv2""]",,"[""ST,STM32-GPIOv2""]","[""ST,STM32-GPIOv2""]",,"[""ST,STM32-SPIv2""]","[""ST,STM32-SPIv2""]","[""ST,STM32-SPIv2""]","[""ST,STM32-USARTv2-common""]",True,"[""ST,STM32-USARTv2""]","[""ST,STM32-USARTv2""]","[""ST,STM32-USARTv2""]","[""ST,STM32-USARTv2""]","[""ST,STM32-USARTv2""]"
"[""ST,STM32L496VG"", ""ST,STM32L4"", ""ST,STM32""]","[""ARM,Cortex-M4"", ""ARM,ARMv7-M""]",r0p1,"[""ARM,FPv4-SP-D16""]","[""ST,STM32-HSE"", ""fixed-clock""]",0,False,"[""on-chip-flash""]",0x8000000,1048576,"[""on-chip-RAM""]",0x20000000,327680,,,,"[""ST,STM32-GPIOv2-pin-controller""]",4,True,"[""ST,STM32-GPIOv2""]","[""ST,STM32-GPIOv2""]","[""ST,STM32-GPIOv2""]","[""ST,STM32-GPIOv2""]","[""ST,STM32-GPIOv2""]",,"[""ST,STM32-GPIOv2""]","[""ST,STM32-GPIOv2""]",,"[""ST,STM32-SPIv2""]","[""ST,STM32-SPIv2""]","[""ST,STM32-SPIv2""]","[""ST,STM32-USARTv2-common""]",True,"[""ST,STM32-USARTv2""]","[""ST,STM32-USARTv2""]","[""ST,STM32-USARTv2""]","[""ST,STM32-USARTv2""]","[""ST,STM32-USARTv2""]"
"[""ST,STM32L496ZE"", ""ST,STM32L4"", ""ST,STM32""]","[""ARM,Cortex-M4"", ""ARM,ARMv7-M""]",r0p1,"[""ARM,FPv4-SP-D16""]","[""ST,STM32-HSE"", ""fixed-clock""]",0,False,"[""on-chip-flash""]",0x8000000,524288,"[""on-chip-RAM""]",0x20000000,327680,,,,"[""ST,STM32-GPIOv2-pin-controller""]",4,True,"[""ST,STM32-GPIOv2""]","[""ST,STM32-GPIOv2""]","[""ST,STM32-GPIOv2""]","[""ST,STM32-GPIOv2""]","[""ST,STM32-GPIOv2""]","[""ST,STM32-GPIOv2""]","[""ST,STM32-GPIOv2""]","[""ST,STM32-GPIOv2""]",,"[""ST,STM32-SPIv2""]","[""ST,STM32-SPIv2""]","[""ST,STM32-SPIv2""]","[""ST,STM32-USARTv2-common""]",True,"[""ST,STM32-USARTv2""]","[""ST,STM32-USARTv2""]","[""ST,STM32-USARTv2""]","[""ST,STM32-USARTv2""]","[""ST,STM32-USARTv2""]"
"[""ST,STM32L496ZG"", ""ST,STM32L4"", ""ST,STM32""]","[""ARM,Cortex-M4"", ""ARM,ARMv7-M""]",r0p1,"[""ARM,FPv4-SP-D16""]","[""ST,STM32-HSE"", ""fixed-clock""]",0,False,"[""on-chip-flash""]",0x8000000,1048576,"[""on-chip-RAM""]",0x20000000,327680,,,,"[""ST,STM32-GPIOv2-pin-controller""]",4,True,"[""ST,STM32-GPIOv2""]","[""ST,STM32-GPIOv2""]","[""ST,STM32-GPIOv2""]","[""ST,STM32-GPIOv2""]","[""ST,STM32-GPIOv2""]","[""ST,STM32-GPIOv2""]","[""ST,STM32-GPIOv2""]","[""ST,STM32-GPIOv2""]",,"[""ST,STM32-SPIv2""]","[""ST,STM32-SPIv2""]","[""ST,STM32-SPIv2""]","[""ST,STM32-USARTv2-common""]",True,"[""ST,STM32-USARTv2""]","[""ST,STM32-USARTv2""]","[""ST,STM32-USARTv2""]","[""ST,STM32-USARTv2""]","[""ST,STM32-USARTv2""]"
"[""ST,STM32L4A6AG"", ""ST,STM32L4"", ""ST,STM32""]","[""ARM,Cortex-M4"", ""ARM,ARMv7-M""]",r0p1,"[""ARM,FPv4-SP-D16""]","[""ST,STM32-HSE"", ""fixed-clock""]",0,False,"[""on-chip-flash""]",0x8000000,1048576,"[""on-chip-RAM""]",0x20000000,327680,,,,"[""ST,STM32-GPIOv2-pin-controller""]",4,True,"[""ST,STM32-GPIOv2""]","[""ST,STM32-GPIOv2""]","[""ST,STM32-GPIOv2""]","[""ST,STM32-GPIOv2""]","[""ST,STM32-GPIOv2""]","[""ST,STM32-GPIOv2""]","[""ST,STM32-GPIOv2""]","[""ST,STM32-GPIOv2""]","[""ST,STM32-GPIOv2""]","[""ST,STM32-SPIv2""]","[""ST,STM32-SPIv2""]","[""ST,STM32-SPIv2""]","[""ST,STM32-USARTv2-common""]",True,"[""ST,STM32-USARTv2""]","[""ST,STM32-USARTv2""]","[""ST,STM32-USARTv2""]","[""ST,STM32-USARTv2""]","[""ST,STM32-USARTv2""]"
"[""ST,STM32L4A6QG"", ""ST,STM32L4"", ""ST,STM32""]","[""ARM,Cortex-M4"", ""ARM,ARMv7-M""]",r0p1,"[""ARM,FPv4-SP-D16""]","[""ST,STM32-HSE"", ""fixed-clock""]",0,False,"[""on-chip-flash""]",0x8000000,1048576,"[""on-chip-RAM""]",0x20000000,327680,,,,"[""ST,STM32-GPIOv2-pin-controller""]",4,True,"[""ST,STM32-GPIOv2""]","[""ST,STM32-GPIOv2""]","[""ST,STM32-GPIOv2""]","[""ST,STM32-GPIOv2""]","[""ST,STM32-GPIOv2""]","[""ST,STM32-GPIOv2""]","[""ST,STM32-GPIOv2""]","[""ST,STM32-GPIOv2""]",,"[""ST,STM32-SPIv2""]","[""ST,STM32-SPIv2""]","[""ST,STM32-SPIv2""]","[""ST,STM32-USARTv2-common""]",True,"[""ST,STM32-USARTv2""]","[""ST,STM32-USARTv2""]","[""ST,STM32-USARTv2""]","[""ST,STM32-USARTv2""]","[""ST,STM32-USARTv2""]"
"[""ST,STM32L4A6RG"", ""ST,STM32L4"", ""ST,STM32""]","[""ARM,Cortex-M4"", ""ARM,ARMv7-M""]",r0p1,"[""ARM,FPv4-SP-D16""]","[""ST,STM32-HSE"", ""fixed-clock""]",0,False,"[""on-chip-flash""]",0x8000000,1048576,"[""on-chip-RAM""]",0x20000000,327680,,,,"[""ST,STM32-GPIOv2-pin-controller""]",4,True,"[""ST,STM32-GPIOv2""]","[""ST,STM32-GPIOv2""]","[""ST,STM32-GPIOv2""]","[""ST,STM32-GPIOv2""]",,,,"[""ST,STM32-GPIOv2""]",,"[""ST,STM32-SPIv2""]","[""ST,STM32-SPIv2""]","[""ST,STM32-SPIv2""]","[""ST,STM32-USARTv2-common""]",True,"[""ST,STM32-USARTv2""]","[""ST,STM32-USARTv2""]","[""ST,STM32-USARTv2""]","[""ST,STM32-USARTv2""]","[""ST,STM32-USARTv2""]"
"[""ST,STM32L4A6VG"", ""ST,STM32L4"", ""ST,STM32""]","[""ARM,Cortex-M4"", ""ARM,ARMv7-M""]",r0p1,"[""ARM,FPv4-SP-D16""]","[""ST,STM32-HSE"", ""fixed-clock""]",0,False,"[""on-chip-flash""]",0x8000000,1048576,"[""on-chip-RAM""]",0x20000000,327680,,,,"[""ST,STM32-GPIOv2-pin-controller""]",4,True,"[""ST,STM32-GPIOv2""]","[""ST,STM32-GPIOv2""]","[""ST,STM32-GPIOv2""]","[""ST,STM32-GPIOv2""]","[""ST,STM32-GPIOv2""]",,"[""ST,STM32-GPIOv2""]","[""ST,STM32-GPIOv2""]",,"[""ST,STM32-SPIv2""]","[""ST,STM32-SPIv2""]","[""ST,STM32-SPIv2""]","[""ST,STM32-USARTv2-common""]",True,"[""ST,STM32-USARTv2""]","[""ST,STM32-USARTv2""]","[""ST,STM32-USARTv2""]","[""ST,STM32-USARTv2""]","[""ST,STM32-USARTv2""]"
"[""ST,STM32L4A6ZG"", ""ST,STM32L4"", ""ST,STM32""]","[""ARM,Cortex-M4"", ""ARM,ARMv7-M""]",r0p1,"[""ARM,FPv4-SP-D16""]","[""ST,STM32-HSE"", ""fixed-clock""]",0,False,"[""on-chip-flash""]",0x8000000,1048576,"[""on-chip-RAM""]",0x20000000,327680,,,,"[""ST,STM32-GPIOv2-pin-controller""]",4,True,"[""ST,STM32-GPIOv2""]","[""ST,STM32-GPIOv2""]","[""ST,STM32-GPIOv2""]","[""ST,STM32-GPIOv2""]","[""ST,STM32-GPIOv2""]","[""ST,STM32-GPIOv2""]","[""ST,STM32-GPIOv2""]","[""ST,STM32-GPIOv2""]",,"[""ST,STM32-SPIv2""]","[""ST,STM32-SPIv2""]","[""ST,STM32-SPIv2""]","[""ST,STM32-USARTv2-common""]",True,"[""ST,STM32-USARTv2""]","[""ST,STM32-USARTv2""]","[""ST,STM32-USARTv2""]","[""ST,STM32-USARTv2""]","[""ST,STM32-USARTv2""]"
