name,dtsiTemplate,hse,flash,flash,flash,sram,sram,sram,pin-controller,pin-controller,gpioa,gpioa,gpioa,gpiob,gpiob,gpiob,gpioc,gpioc,gpioc,gpiod,gpiod,gpiod,gpioe,gpioe,gpioe,gpiof,gpiof,gpiof
,,dtsiTemplate,dtsiTemplate,address,size,dtsiTemplate,address,size,dtsiTemplate,compatible,dtsiTemplate,address,size,dtsiTemplate,address,size,dtsiTemplate,address,size,dtsiTemplate,address,size,dtsiTemplate,address,size,dtsiTemplate,address,size
STM32F030C6,source/chip/STM32/STM32F0/dtsiTemplates/STM32F0.dtsi.jinja,source/chip/STM32/dtsiTemplates/HSE.dtsi.jinja,scripts/dtsiTemplates/flash.dtsi.jinja,0x8000000,32768,scripts/dtsiTemplates/memory.dtsi.jinja,0x20000000,4096,scripts/dtsiTemplates/pin-controller.dtsi.jinja,"ST,STM32-GPIOv2-pin-controller",source/chip/STM32/dtsiTemplates/gpio.dtsi.jinja,0x48000000,0x400,source/chip/STM32/dtsiTemplates/gpio.dtsi.jinja,0x48000400,0x400,source/chip/STM32/dtsiTemplates/gpio.dtsi.jinja,0x48000800,0x400,,,,,,,source/chip/STM32/dtsiTemplates/gpio.dtsi.jinja,0x48001400,0x400
STM32F030C8,source/chip/STM32/STM32F0/dtsiTemplates/STM32F0.dtsi.jinja,source/chip/STM32/dtsiTemplates/HSE.dtsi.jinja,scripts/dtsiTemplates/flash.dtsi.jinja,0x8000000,65536,scripts/dtsiTemplates/memory.dtsi.jinja,0x20000000,8192,scripts/dtsiTemplates/pin-controller.dtsi.jinja,"ST,STM32-GPIOv2-pin-controller",source/chip/STM32/dtsiTemplates/gpio.dtsi.jinja,0x48000000,0x400,source/chip/STM32/dtsiTemplates/gpio.dtsi.jinja,0x48000400,0x400,source/chip/STM32/dtsiTemplates/gpio.dtsi.jinja,0x48000800,0x400,,,,,,,source/chip/STM32/dtsiTemplates/gpio.dtsi.jinja,0x48001400,0x400
STM32F030CC,source/chip/STM32/STM32F0/dtsiTemplates/STM32F0.dtsi.jinja,source/chip/STM32/dtsiTemplates/HSE.dtsi.jinja,scripts/dtsiTemplates/flash.dtsi.jinja,0x8000000,262144,scripts/dtsiTemplates/memory.dtsi.jinja,0x20000000,32768,scripts/dtsiTemplates/pin-controller.dtsi.jinja,"ST,STM32-GPIOv2-pin-controller",source/chip/STM32/dtsiTemplates/gpio.dtsi.jinja,0x48000000,0x400,source/chip/STM32/dtsiTemplates/gpio.dtsi.jinja,0x48000400,0x400,source/chip/STM32/dtsiTemplates/gpio.dtsi.jinja,0x48000800,0x400,,,,,,,source/chip/STM32/dtsiTemplates/gpio.dtsi.jinja,0x48001400,0x400
STM32F030F4,source/chip/STM32/STM32F0/dtsiTemplates/STM32F0.dtsi.jinja,source/chip/STM32/dtsiTemplates/HSE.dtsi.jinja,scripts/dtsiTemplates/flash.dtsi.jinja,0x8000000,16384,scripts/dtsiTemplates/memory.dtsi.jinja,0x20000000,4096,scripts/dtsiTemplates/pin-controller.dtsi.jinja,"ST,STM32-GPIOv2-pin-controller",source/chip/STM32/dtsiTemplates/gpio.dtsi.jinja,0x48000000,0x400,source/chip/STM32/dtsiTemplates/gpio.dtsi.jinja,0x48000400,0x400,,,,,,,,,,source/chip/STM32/dtsiTemplates/gpio.dtsi.jinja,0x48001400,0x400
STM32F030K6,source/chip/STM32/STM32F0/dtsiTemplates/STM32F0.dtsi.jinja,source/chip/STM32/dtsiTemplates/HSE.dtsi.jinja,scripts/dtsiTemplates/flash.dtsi.jinja,0x8000000,32768,scripts/dtsiTemplates/memory.dtsi.jinja,0x20000000,4096,scripts/dtsiTemplates/pin-controller.dtsi.jinja,"ST,STM32-GPIOv2-pin-controller",source/chip/STM32/dtsiTemplates/gpio.dtsi.jinja,0x48000000,0x400,source/chip/STM32/dtsiTemplates/gpio.dtsi.jinja,0x48000400,0x400,,,,,,,,,,source/chip/STM32/dtsiTemplates/gpio.dtsi.jinja,0x48001400,0x400
STM32F030R8,source/chip/STM32/STM32F0/dtsiTemplates/STM32F0.dtsi.jinja,source/chip/STM32/dtsiTemplates/HSE.dtsi.jinja,scripts/dtsiTemplates/flash.dtsi.jinja,0x8000000,65536,scripts/dtsiTemplates/memory.dtsi.jinja,0x20000000,8192,scripts/dtsiTemplates/pin-controller.dtsi.jinja,"ST,STM32-GPIOv2-pin-controller",source/chip/STM32/dtsiTemplates/gpio.dtsi.jinja,0x48000000,0x400,source/chip/STM32/dtsiTemplates/gpio.dtsi.jinja,0x48000400,0x400,source/chip/STM32/dtsiTemplates/gpio.dtsi.jinja,0x48000800,0x400,source/chip/STM32/dtsiTemplates/gpio.dtsi.jinja,0x48000c00,0x400,,,,source/chip/STM32/dtsiTemplates/gpio.dtsi.jinja,0x48001400,0x400
STM32F030RC,source/chip/STM32/STM32F0/dtsiTemplates/STM32F0.dtsi.jinja,source/chip/STM32/dtsiTemplates/HSE.dtsi.jinja,scripts/dtsiTemplates/flash.dtsi.jinja,0x8000000,262144,scripts/dtsiTemplates/memory.dtsi.jinja,0x20000000,32768,scripts/dtsiTemplates/pin-controller.dtsi.jinja,"ST,STM32-GPIOv2-pin-controller",source/chip/STM32/dtsiTemplates/gpio.dtsi.jinja,0x48000000,0x400,source/chip/STM32/dtsiTemplates/gpio.dtsi.jinja,0x48000400,0x400,source/chip/STM32/dtsiTemplates/gpio.dtsi.jinja,0x48000800,0x400,source/chip/STM32/dtsiTemplates/gpio.dtsi.jinja,0x48000c00,0x400,,,,source/chip/STM32/dtsiTemplates/gpio.dtsi.jinja,0x48001400,0x400
STM32F031C4,source/chip/STM32/STM32F0/dtsiTemplates/STM32F0.dtsi.jinja,source/chip/STM32/dtsiTemplates/HSE.dtsi.jinja,scripts/dtsiTemplates/flash.dtsi.jinja,0x8000000,16384,scripts/dtsiTemplates/memory.dtsi.jinja,0x20000000,4096,scripts/dtsiTemplates/pin-controller.dtsi.jinja,"ST,STM32-GPIOv2-pin-controller",source/chip/STM32/dtsiTemplates/gpio.dtsi.jinja,0x48000000,0x400,source/chip/STM32/dtsiTemplates/gpio.dtsi.jinja,0x48000400,0x400,source/chip/STM32/dtsiTemplates/gpio.dtsi.jinja,0x48000800,0x400,,,,,,,source/chip/STM32/dtsiTemplates/gpio.dtsi.jinja,0x48001400,0x400
STM32F031C6,source/chip/STM32/STM32F0/dtsiTemplates/STM32F0.dtsi.jinja,source/chip/STM32/dtsiTemplates/HSE.dtsi.jinja,scripts/dtsiTemplates/flash.dtsi.jinja,0x8000000,32768,scripts/dtsiTemplates/memory.dtsi.jinja,0x20000000,4096,scripts/dtsiTemplates/pin-controller.dtsi.jinja,"ST,STM32-GPIOv2-pin-controller",source/chip/STM32/dtsiTemplates/gpio.dtsi.jinja,0x48000000,0x400,source/chip/STM32/dtsiTemplates/gpio.dtsi.jinja,0x48000400,0x400,source/chip/STM32/dtsiTemplates/gpio.dtsi.jinja,0x48000800,0x400,,,,,,,source/chip/STM32/dtsiTemplates/gpio.dtsi.jinja,0x48001400,0x400
STM32F031E6,source/chip/STM32/STM32F0/dtsiTemplates/STM32F0.dtsi.jinja,source/chip/STM32/dtsiTemplates/HSE.dtsi.jinja,scripts/dtsiTemplates/flash.dtsi.jinja,0x8000000,32768,scripts/dtsiTemplates/memory.dtsi.jinja,0x20000000,4096,scripts/dtsiTemplates/pin-controller.dtsi.jinja,"ST,STM32-GPIOv2-pin-controller",source/chip/STM32/dtsiTemplates/gpio.dtsi.jinja,0x48000000,0x400,source/chip/STM32/dtsiTemplates/gpio.dtsi.jinja,0x48000400,0x400,,,,,,,,,,source/chip/STM32/dtsiTemplates/gpio.dtsi.jinja,0x48001400,0x400
STM32F031F4,source/chip/STM32/STM32F0/dtsiTemplates/STM32F0.dtsi.jinja,source/chip/STM32/dtsiTemplates/HSE.dtsi.jinja,scripts/dtsiTemplates/flash.dtsi.jinja,0x8000000,16384,scripts/dtsiTemplates/memory.dtsi.jinja,0x20000000,4096,scripts/dtsiTemplates/pin-controller.dtsi.jinja,"ST,STM32-GPIOv2-pin-controller",source/chip/STM32/dtsiTemplates/gpio.dtsi.jinja,0x48000000,0x400,source/chip/STM32/dtsiTemplates/gpio.dtsi.jinja,0x48000400,0x400,,,,,,,,,,source/chip/STM32/dtsiTemplates/gpio.dtsi.jinja,0x48001400,0x400
STM32F031F6,source/chip/STM32/STM32F0/dtsiTemplates/STM32F0.dtsi.jinja,source/chip/STM32/dtsiTemplates/HSE.dtsi.jinja,scripts/dtsiTemplates/flash.dtsi.jinja,0x8000000,32768,scripts/dtsiTemplates/memory.dtsi.jinja,0x20000000,4096,scripts/dtsiTemplates/pin-controller.dtsi.jinja,"ST,STM32-GPIOv2-pin-controller",source/chip/STM32/dtsiTemplates/gpio.dtsi.jinja,0x48000000,0x400,source/chip/STM32/dtsiTemplates/gpio.dtsi.jinja,0x48000400,0x400,,,,,,,,,,source/chip/STM32/dtsiTemplates/gpio.dtsi.jinja,0x48001400,0x400
STM32F031G4,source/chip/STM32/STM32F0/dtsiTemplates/STM32F0.dtsi.jinja,source/chip/STM32/dtsiTemplates/HSE.dtsi.jinja,scripts/dtsiTemplates/flash.dtsi.jinja,0x8000000,16384,scripts/dtsiTemplates/memory.dtsi.jinja,0x20000000,4096,scripts/dtsiTemplates/pin-controller.dtsi.jinja,"ST,STM32-GPIOv2-pin-controller",source/chip/STM32/dtsiTemplates/gpio.dtsi.jinja,0x48000000,0x400,source/chip/STM32/dtsiTemplates/gpio.dtsi.jinja,0x48000400,0x400,,,,,,,,,,source/chip/STM32/dtsiTemplates/gpio.dtsi.jinja,0x48001400,0x400
STM32F031G6,source/chip/STM32/STM32F0/dtsiTemplates/STM32F0.dtsi.jinja,source/chip/STM32/dtsiTemplates/HSE.dtsi.jinja,scripts/dtsiTemplates/flash.dtsi.jinja,0x8000000,32768,scripts/dtsiTemplates/memory.dtsi.jinja,0x20000000,4096,scripts/dtsiTemplates/pin-controller.dtsi.jinja,"ST,STM32-GPIOv2-pin-controller",source/chip/STM32/dtsiTemplates/gpio.dtsi.jinja,0x48000000,0x400,source/chip/STM32/dtsiTemplates/gpio.dtsi.jinja,0x48000400,0x400,,,,,,,,,,source/chip/STM32/dtsiTemplates/gpio.dtsi.jinja,0x48001400,0x400
STM32F031K4,source/chip/STM32/STM32F0/dtsiTemplates/STM32F0.dtsi.jinja,source/chip/STM32/dtsiTemplates/HSE.dtsi.jinja,scripts/dtsiTemplates/flash.dtsi.jinja,0x8000000,16384,scripts/dtsiTemplates/memory.dtsi.jinja,0x20000000,4096,scripts/dtsiTemplates/pin-controller.dtsi.jinja,"ST,STM32-GPIOv2-pin-controller",source/chip/STM32/dtsiTemplates/gpio.dtsi.jinja,0x48000000,0x400,source/chip/STM32/dtsiTemplates/gpio.dtsi.jinja,0x48000400,0x400,,,,,,,,,,source/chip/STM32/dtsiTemplates/gpio.dtsi.jinja,0x48001400,0x400
STM32F031K6,source/chip/STM32/STM32F0/dtsiTemplates/STM32F0.dtsi.jinja,source/chip/STM32/dtsiTemplates/HSE.dtsi.jinja,scripts/dtsiTemplates/flash.dtsi.jinja,0x8000000,32768,scripts/dtsiTemplates/memory.dtsi.jinja,0x20000000,4096,scripts/dtsiTemplates/pin-controller.dtsi.jinja,"ST,STM32-GPIOv2-pin-controller",source/chip/STM32/dtsiTemplates/gpio.dtsi.jinja,0x48000000,0x400,source/chip/STM32/dtsiTemplates/gpio.dtsi.jinja,0x48000400,0x400,,,,,,,,,,source/chip/STM32/dtsiTemplates/gpio.dtsi.jinja,0x48001400,0x400
STM32F038C6,source/chip/STM32/STM32F0/dtsiTemplates/STM32F0.dtsi.jinja,source/chip/STM32/dtsiTemplates/HSE.dtsi.jinja,scripts/dtsiTemplates/flash.dtsi.jinja,0x8000000,32768,scripts/dtsiTemplates/memory.dtsi.jinja,0x20000000,4096,scripts/dtsiTemplates/pin-controller.dtsi.jinja,"ST,STM32-GPIOv2-pin-controller",source/chip/STM32/dtsiTemplates/gpio.dtsi.jinja,0x48000000,0x400,source/chip/STM32/dtsiTemplates/gpio.dtsi.jinja,0x48000400,0x400,source/chip/STM32/dtsiTemplates/gpio.dtsi.jinja,0x48000800,0x400,,,,,,,source/chip/STM32/dtsiTemplates/gpio.dtsi.jinja,0x48001400,0x400
STM32F038E6,source/chip/STM32/STM32F0/dtsiTemplates/STM32F0.dtsi.jinja,source/chip/STM32/dtsiTemplates/HSE.dtsi.jinja,scripts/dtsiTemplates/flash.dtsi.jinja,0x8000000,32768,scripts/dtsiTemplates/memory.dtsi.jinja,0x20000000,4096,scripts/dtsiTemplates/pin-controller.dtsi.jinja,"ST,STM32-GPIOv2-pin-controller",source/chip/STM32/dtsiTemplates/gpio.dtsi.jinja,0x48000000,0x400,source/chip/STM32/dtsiTemplates/gpio.dtsi.jinja,0x48000400,0x400,,,,,,,,,,source/chip/STM32/dtsiTemplates/gpio.dtsi.jinja,0x48001400,0x400
STM32F038F6,source/chip/STM32/STM32F0/dtsiTemplates/STM32F0.dtsi.jinja,source/chip/STM32/dtsiTemplates/HSE.dtsi.jinja,scripts/dtsiTemplates/flash.dtsi.jinja,0x8000000,32768,scripts/dtsiTemplates/memory.dtsi.jinja,0x20000000,4096,scripts/dtsiTemplates/pin-controller.dtsi.jinja,"ST,STM32-GPIOv2-pin-controller",source/chip/STM32/dtsiTemplates/gpio.dtsi.jinja,0x48000000,0x400,,,,,,,,,,,,,source/chip/STM32/dtsiTemplates/gpio.dtsi.jinja,0x48001400,0x400
STM32F038G6,source/chip/STM32/STM32F0/dtsiTemplates/STM32F0.dtsi.jinja,source/chip/STM32/dtsiTemplates/HSE.dtsi.jinja,scripts/dtsiTemplates/flash.dtsi.jinja,0x8000000,32768,scripts/dtsiTemplates/memory.dtsi.jinja,0x20000000,4096,scripts/dtsiTemplates/pin-controller.dtsi.jinja,"ST,STM32-GPIOv2-pin-controller",source/chip/STM32/dtsiTemplates/gpio.dtsi.jinja,0x48000000,0x400,source/chip/STM32/dtsiTemplates/gpio.dtsi.jinja,0x48000400,0x400,,,,,,,,,,source/chip/STM32/dtsiTemplates/gpio.dtsi.jinja,0x48001400,0x400
STM32F038K6,source/chip/STM32/STM32F0/dtsiTemplates/STM32F0.dtsi.jinja,source/chip/STM32/dtsiTemplates/HSE.dtsi.jinja,scripts/dtsiTemplates/flash.dtsi.jinja,0x8000000,32768,scripts/dtsiTemplates/memory.dtsi.jinja,0x20000000,4096,scripts/dtsiTemplates/pin-controller.dtsi.jinja,"ST,STM32-GPIOv2-pin-controller",source/chip/STM32/dtsiTemplates/gpio.dtsi.jinja,0x48000000,0x400,source/chip/STM32/dtsiTemplates/gpio.dtsi.jinja,0x48000400,0x400,,,,,,,,,,source/chip/STM32/dtsiTemplates/gpio.dtsi.jinja,0x48001400,0x400
STM32F042C4,source/chip/STM32/STM32F0/dtsiTemplates/STM32F0.dtsi.jinja,source/chip/STM32/dtsiTemplates/HSE.dtsi.jinja,scripts/dtsiTemplates/flash.dtsi.jinja,0x8000000,16384,scripts/dtsiTemplates/memory.dtsi.jinja,0x20000000,6144,scripts/dtsiTemplates/pin-controller.dtsi.jinja,"ST,STM32-GPIOv2-pin-controller",source/chip/STM32/dtsiTemplates/gpio.dtsi.jinja,0x48000000,0x400,source/chip/STM32/dtsiTemplates/gpio.dtsi.jinja,0x48000400,0x400,source/chip/STM32/dtsiTemplates/gpio.dtsi.jinja,0x48000800,0x400,,,,,,,source/chip/STM32/dtsiTemplates/gpio.dtsi.jinja,0x48001400,0x400
STM32F042C6,source/chip/STM32/STM32F0/dtsiTemplates/STM32F0.dtsi.jinja,source/chip/STM32/dtsiTemplates/HSE.dtsi.jinja,scripts/dtsiTemplates/flash.dtsi.jinja,0x8000000,32768,scripts/dtsiTemplates/memory.dtsi.jinja,0x20000000,6144,scripts/dtsiTemplates/pin-controller.dtsi.jinja,"ST,STM32-GPIOv2-pin-controller",source/chip/STM32/dtsiTemplates/gpio.dtsi.jinja,0x48000000,0x400,source/chip/STM32/dtsiTemplates/gpio.dtsi.jinja,0x48000400,0x400,source/chip/STM32/dtsiTemplates/gpio.dtsi.jinja,0x48000800,0x400,,,,,,,source/chip/STM32/dtsiTemplates/gpio.dtsi.jinja,0x48001400,0x400
STM32F042F4,source/chip/STM32/STM32F0/dtsiTemplates/STM32F0.dtsi.jinja,source/chip/STM32/dtsiTemplates/HSE.dtsi.jinja,scripts/dtsiTemplates/flash.dtsi.jinja,0x8000000,16384,scripts/dtsiTemplates/memory.dtsi.jinja,0x20000000,6144,scripts/dtsiTemplates/pin-controller.dtsi.jinja,"ST,STM32-GPIOv2-pin-controller",source/chip/STM32/dtsiTemplates/gpio.dtsi.jinja,0x48000000,0x400,source/chip/STM32/dtsiTemplates/gpio.dtsi.jinja,0x48000400,0x400,,,,,,,,,,source/chip/STM32/dtsiTemplates/gpio.dtsi.jinja,0x48001400,0x400
STM32F042F6,source/chip/STM32/STM32F0/dtsiTemplates/STM32F0.dtsi.jinja,source/chip/STM32/dtsiTemplates/HSE.dtsi.jinja,scripts/dtsiTemplates/flash.dtsi.jinja,0x8000000,32768,scripts/dtsiTemplates/memory.dtsi.jinja,0x20000000,6144,scripts/dtsiTemplates/pin-controller.dtsi.jinja,"ST,STM32-GPIOv2-pin-controller",source/chip/STM32/dtsiTemplates/gpio.dtsi.jinja,0x48000000,0x400,source/chip/STM32/dtsiTemplates/gpio.dtsi.jinja,0x48000400,0x400,,,,,,,,,,source/chip/STM32/dtsiTemplates/gpio.dtsi.jinja,0x48001400,0x400
STM32F042G4,source/chip/STM32/STM32F0/dtsiTemplates/STM32F0.dtsi.jinja,source/chip/STM32/dtsiTemplates/HSE.dtsi.jinja,scripts/dtsiTemplates/flash.dtsi.jinja,0x8000000,16384,scripts/dtsiTemplates/memory.dtsi.jinja,0x20000000,6144,scripts/dtsiTemplates/pin-controller.dtsi.jinja,"ST,STM32-GPIOv2-pin-controller",source/chip/STM32/dtsiTemplates/gpio.dtsi.jinja,0x48000000,0x400,source/chip/STM32/dtsiTemplates/gpio.dtsi.jinja,0x48000400,0x400,,,,,,,,,,source/chip/STM32/dtsiTemplates/gpio.dtsi.jinja,0x48001400,0x400
STM32F042G6,source/chip/STM32/STM32F0/dtsiTemplates/STM32F0.dtsi.jinja,source/chip/STM32/dtsiTemplates/HSE.dtsi.jinja,scripts/dtsiTemplates/flash.dtsi.jinja,0x8000000,32768,scripts/dtsiTemplates/memory.dtsi.jinja,0x20000000,6144,scripts/dtsiTemplates/pin-controller.dtsi.jinja,"ST,STM32-GPIOv2-pin-controller",source/chip/STM32/dtsiTemplates/gpio.dtsi.jinja,0x48000000,0x400,source/chip/STM32/dtsiTemplates/gpio.dtsi.jinja,0x48000400,0x400,,,,,,,,,,source/chip/STM32/dtsiTemplates/gpio.dtsi.jinja,0x48001400,0x400
STM32F042K4,source/chip/STM32/STM32F0/dtsiTemplates/STM32F0.dtsi.jinja,source/chip/STM32/dtsiTemplates/HSE.dtsi.jinja,scripts/dtsiTemplates/flash.dtsi.jinja,0x8000000,16384,scripts/dtsiTemplates/memory.dtsi.jinja,0x20000000,6144,scripts/dtsiTemplates/pin-controller.dtsi.jinja,"ST,STM32-GPIOv2-pin-controller",source/chip/STM32/dtsiTemplates/gpio.dtsi.jinja,0x48000000,0x400,source/chip/STM32/dtsiTemplates/gpio.dtsi.jinja,0x48000400,0x400,,,,,,,,,,source/chip/STM32/dtsiTemplates/gpio.dtsi.jinja,0x48001400,0x400
STM32F042K6,source/chip/STM32/STM32F0/dtsiTemplates/STM32F0.dtsi.jinja,source/chip/STM32/dtsiTemplates/HSE.dtsi.jinja,scripts/dtsiTemplates/flash.dtsi.jinja,0x8000000,32768,scripts/dtsiTemplates/memory.dtsi.jinja,0x20000000,6144,scripts/dtsiTemplates/pin-controller.dtsi.jinja,"ST,STM32-GPIOv2-pin-controller",source/chip/STM32/dtsiTemplates/gpio.dtsi.jinja,0x48000000,0x400,source/chip/STM32/dtsiTemplates/gpio.dtsi.jinja,0x48000400,0x400,,,,,,,,,,source/chip/STM32/dtsiTemplates/gpio.dtsi.jinja,0x48001400,0x400
STM32F042T6,source/chip/STM32/STM32F0/dtsiTemplates/STM32F0.dtsi.jinja,source/chip/STM32/dtsiTemplates/HSE.dtsi.jinja,scripts/dtsiTemplates/flash.dtsi.jinja,0x8000000,32768,scripts/dtsiTemplates/memory.dtsi.jinja,0x20000000,6144,scripts/dtsiTemplates/pin-controller.dtsi.jinja,"ST,STM32-GPIOv2-pin-controller",source/chip/STM32/dtsiTemplates/gpio.dtsi.jinja,0x48000000,0x400,source/chip/STM32/dtsiTemplates/gpio.dtsi.jinja,0x48000400,0x400,source/chip/STM32/dtsiTemplates/gpio.dtsi.jinja,0x48000800,0x400,,,,,,,source/chip/STM32/dtsiTemplates/gpio.dtsi.jinja,0x48001400,0x400
STM32F048C6,source/chip/STM32/STM32F0/dtsiTemplates/STM32F0.dtsi.jinja,source/chip/STM32/dtsiTemplates/HSE.dtsi.jinja,scripts/dtsiTemplates/flash.dtsi.jinja,0x8000000,32768,scripts/dtsiTemplates/memory.dtsi.jinja,0x20000000,6144,scripts/dtsiTemplates/pin-controller.dtsi.jinja,"ST,STM32-GPIOv2-pin-controller",source/chip/STM32/dtsiTemplates/gpio.dtsi.jinja,0x48000000,0x400,source/chip/STM32/dtsiTemplates/gpio.dtsi.jinja,0x48000400,0x400,source/chip/STM32/dtsiTemplates/gpio.dtsi.jinja,0x48000800,0x400,,,,,,,source/chip/STM32/dtsiTemplates/gpio.dtsi.jinja,0x48001400,0x400
STM32F048G6,source/chip/STM32/STM32F0/dtsiTemplates/STM32F0.dtsi.jinja,source/chip/STM32/dtsiTemplates/HSE.dtsi.jinja,scripts/dtsiTemplates/flash.dtsi.jinja,0x8000000,32768,scripts/dtsiTemplates/memory.dtsi.jinja,0x20000000,6144,scripts/dtsiTemplates/pin-controller.dtsi.jinja,"ST,STM32-GPIOv2-pin-controller",source/chip/STM32/dtsiTemplates/gpio.dtsi.jinja,0x48000000,0x400,source/chip/STM32/dtsiTemplates/gpio.dtsi.jinja,0x48000400,0x400,,,,,,,,,,source/chip/STM32/dtsiTemplates/gpio.dtsi.jinja,0x48001400,0x400
STM32F048T6,source/chip/STM32/STM32F0/dtsiTemplates/STM32F0.dtsi.jinja,source/chip/STM32/dtsiTemplates/HSE.dtsi.jinja,scripts/dtsiTemplates/flash.dtsi.jinja,0x8000000,32768,scripts/dtsiTemplates/memory.dtsi.jinja,0x20000000,6144,scripts/dtsiTemplates/pin-controller.dtsi.jinja,"ST,STM32-GPIOv2-pin-controller",source/chip/STM32/dtsiTemplates/gpio.dtsi.jinja,0x48000000,0x400,source/chip/STM32/dtsiTemplates/gpio.dtsi.jinja,0x48000400,0x400,source/chip/STM32/dtsiTemplates/gpio.dtsi.jinja,0x48000800,0x400,,,,,,,source/chip/STM32/dtsiTemplates/gpio.dtsi.jinja,0x48001400,0x400
STM32F051C4,source/chip/STM32/STM32F0/dtsiTemplates/STM32F0.dtsi.jinja,source/chip/STM32/dtsiTemplates/HSE.dtsi.jinja,scripts/dtsiTemplates/flash.dtsi.jinja,0x8000000,16384,scripts/dtsiTemplates/memory.dtsi.jinja,0x20000000,8192,scripts/dtsiTemplates/pin-controller.dtsi.jinja,"ST,STM32-GPIOv2-pin-controller",source/chip/STM32/dtsiTemplates/gpio.dtsi.jinja,0x48000000,0x400,source/chip/STM32/dtsiTemplates/gpio.dtsi.jinja,0x48000400,0x400,source/chip/STM32/dtsiTemplates/gpio.dtsi.jinja,0x48000800,0x400,,,,,,,source/chip/STM32/dtsiTemplates/gpio.dtsi.jinja,0x48001400,0x400
STM32F051C6,source/chip/STM32/STM32F0/dtsiTemplates/STM32F0.dtsi.jinja,source/chip/STM32/dtsiTemplates/HSE.dtsi.jinja,scripts/dtsiTemplates/flash.dtsi.jinja,0x8000000,32768,scripts/dtsiTemplates/memory.dtsi.jinja,0x20000000,8192,scripts/dtsiTemplates/pin-controller.dtsi.jinja,"ST,STM32-GPIOv2-pin-controller",source/chip/STM32/dtsiTemplates/gpio.dtsi.jinja,0x48000000,0x400,source/chip/STM32/dtsiTemplates/gpio.dtsi.jinja,0x48000400,0x400,source/chip/STM32/dtsiTemplates/gpio.dtsi.jinja,0x48000800,0x400,,,,,,,source/chip/STM32/dtsiTemplates/gpio.dtsi.jinja,0x48001400,0x400
STM32F051C8,source/chip/STM32/STM32F0/dtsiTemplates/STM32F0.dtsi.jinja,source/chip/STM32/dtsiTemplates/HSE.dtsi.jinja,scripts/dtsiTemplates/flash.dtsi.jinja,0x8000000,65536,scripts/dtsiTemplates/memory.dtsi.jinja,0x20000000,8192,scripts/dtsiTemplates/pin-controller.dtsi.jinja,"ST,STM32-GPIOv2-pin-controller",source/chip/STM32/dtsiTemplates/gpio.dtsi.jinja,0x48000000,0x400,source/chip/STM32/dtsiTemplates/gpio.dtsi.jinja,0x48000400,0x400,source/chip/STM32/dtsiTemplates/gpio.dtsi.jinja,0x48000800,0x400,,,,,,,source/chip/STM32/dtsiTemplates/gpio.dtsi.jinja,0x48001400,0x400
STM32F051K4,source/chip/STM32/STM32F0/dtsiTemplates/STM32F0.dtsi.jinja,source/chip/STM32/dtsiTemplates/HSE.dtsi.jinja,scripts/dtsiTemplates/flash.dtsi.jinja,0x8000000,16384,scripts/dtsiTemplates/memory.dtsi.jinja,0x20000000,8192,scripts/dtsiTemplates/pin-controller.dtsi.jinja,"ST,STM32-GPIOv2-pin-controller",source/chip/STM32/dtsiTemplates/gpio.dtsi.jinja,0x48000000,0x400,source/chip/STM32/dtsiTemplates/gpio.dtsi.jinja,0x48000400,0x400,,,,,,,,,,source/chip/STM32/dtsiTemplates/gpio.dtsi.jinja,0x48001400,0x400
STM32F051K6,source/chip/STM32/STM32F0/dtsiTemplates/STM32F0.dtsi.jinja,source/chip/STM32/dtsiTemplates/HSE.dtsi.jinja,scripts/dtsiTemplates/flash.dtsi.jinja,0x8000000,32768,scripts/dtsiTemplates/memory.dtsi.jinja,0x20000000,8192,scripts/dtsiTemplates/pin-controller.dtsi.jinja,"ST,STM32-GPIOv2-pin-controller",source/chip/STM32/dtsiTemplates/gpio.dtsi.jinja,0x48000000,0x400,source/chip/STM32/dtsiTemplates/gpio.dtsi.jinja,0x48000400,0x400,,,,,,,,,,source/chip/STM32/dtsiTemplates/gpio.dtsi.jinja,0x48001400,0x400
STM32F051K8,source/chip/STM32/STM32F0/dtsiTemplates/STM32F0.dtsi.jinja,source/chip/STM32/dtsiTemplates/HSE.dtsi.jinja,scripts/dtsiTemplates/flash.dtsi.jinja,0x8000000,65536,scripts/dtsiTemplates/memory.dtsi.jinja,0x20000000,8192,scripts/dtsiTemplates/pin-controller.dtsi.jinja,"ST,STM32-GPIOv2-pin-controller",source/chip/STM32/dtsiTemplates/gpio.dtsi.jinja,0x48000000,0x400,source/chip/STM32/dtsiTemplates/gpio.dtsi.jinja,0x48000400,0x400,,,,,,,,,,source/chip/STM32/dtsiTemplates/gpio.dtsi.jinja,0x48001400,0x400
STM32F051R4,source/chip/STM32/STM32F0/dtsiTemplates/STM32F0.dtsi.jinja,source/chip/STM32/dtsiTemplates/HSE.dtsi.jinja,scripts/dtsiTemplates/flash.dtsi.jinja,0x8000000,16384,scripts/dtsiTemplates/memory.dtsi.jinja,0x20000000,8192,scripts/dtsiTemplates/pin-controller.dtsi.jinja,"ST,STM32-GPIOv2-pin-controller",source/chip/STM32/dtsiTemplates/gpio.dtsi.jinja,0x48000000,0x400,source/chip/STM32/dtsiTemplates/gpio.dtsi.jinja,0x48000400,0x400,source/chip/STM32/dtsiTemplates/gpio.dtsi.jinja,0x48000800,0x400,source/chip/STM32/dtsiTemplates/gpio.dtsi.jinja,0x48000c00,0x400,,,,source/chip/STM32/dtsiTemplates/gpio.dtsi.jinja,0x48001400,0x400
STM32F051R6,source/chip/STM32/STM32F0/dtsiTemplates/STM32F0.dtsi.jinja,source/chip/STM32/dtsiTemplates/HSE.dtsi.jinja,scripts/dtsiTemplates/flash.dtsi.jinja,0x8000000,32768,scripts/dtsiTemplates/memory.dtsi.jinja,0x20000000,8192,scripts/dtsiTemplates/pin-controller.dtsi.jinja,"ST,STM32-GPIOv2-pin-controller",source/chip/STM32/dtsiTemplates/gpio.dtsi.jinja,0x48000000,0x400,source/chip/STM32/dtsiTemplates/gpio.dtsi.jinja,0x48000400,0x400,source/chip/STM32/dtsiTemplates/gpio.dtsi.jinja,0x48000800,0x400,source/chip/STM32/dtsiTemplates/gpio.dtsi.jinja,0x48000c00,0x400,,,,source/chip/STM32/dtsiTemplates/gpio.dtsi.jinja,0x48001400,0x400
STM32F051R8,source/chip/STM32/STM32F0/dtsiTemplates/STM32F0.dtsi.jinja,source/chip/STM32/dtsiTemplates/HSE.dtsi.jinja,scripts/dtsiTemplates/flash.dtsi.jinja,0x8000000,65536,scripts/dtsiTemplates/memory.dtsi.jinja,0x20000000,8192,scripts/dtsiTemplates/pin-controller.dtsi.jinja,"ST,STM32-GPIOv2-pin-controller",source/chip/STM32/dtsiTemplates/gpio.dtsi.jinja,0x48000000,0x400,source/chip/STM32/dtsiTemplates/gpio.dtsi.jinja,0x48000400,0x400,source/chip/STM32/dtsiTemplates/gpio.dtsi.jinja,0x48000800,0x400,source/chip/STM32/dtsiTemplates/gpio.dtsi.jinja,0x48000c00,0x400,,,,source/chip/STM32/dtsiTemplates/gpio.dtsi.jinja,0x48001400,0x400
STM32F051T8,source/chip/STM32/STM32F0/dtsiTemplates/STM32F0.dtsi.jinja,source/chip/STM32/dtsiTemplates/HSE.dtsi.jinja,scripts/dtsiTemplates/flash.dtsi.jinja,0x8000000,65536,scripts/dtsiTemplates/memory.dtsi.jinja,0x20000000,8192,scripts/dtsiTemplates/pin-controller.dtsi.jinja,"ST,STM32-GPIOv2-pin-controller",source/chip/STM32/dtsiTemplates/gpio.dtsi.jinja,0x48000000,0x400,source/chip/STM32/dtsiTemplates/gpio.dtsi.jinja,0x48000400,0x400,source/chip/STM32/dtsiTemplates/gpio.dtsi.jinja,0x48000800,0x400,,,,,,,source/chip/STM32/dtsiTemplates/gpio.dtsi.jinja,0x48001400,0x400
STM32F058C8,source/chip/STM32/STM32F0/dtsiTemplates/STM32F0.dtsi.jinja,source/chip/STM32/dtsiTemplates/HSE.dtsi.jinja,scripts/dtsiTemplates/flash.dtsi.jinja,0x8000000,65536,scripts/dtsiTemplates/memory.dtsi.jinja,0x20000000,8192,scripts/dtsiTemplates/pin-controller.dtsi.jinja,"ST,STM32-GPIOv2-pin-controller",source/chip/STM32/dtsiTemplates/gpio.dtsi.jinja,0x48000000,0x400,source/chip/STM32/dtsiTemplates/gpio.dtsi.jinja,0x48000400,0x400,source/chip/STM32/dtsiTemplates/gpio.dtsi.jinja,0x48000800,0x400,,,,,,,source/chip/STM32/dtsiTemplates/gpio.dtsi.jinja,0x48001400,0x400
STM32F058R8,source/chip/STM32/STM32F0/dtsiTemplates/STM32F0.dtsi.jinja,source/chip/STM32/dtsiTemplates/HSE.dtsi.jinja,scripts/dtsiTemplates/flash.dtsi.jinja,0x8000000,65536,scripts/dtsiTemplates/memory.dtsi.jinja,0x20000000,8192,scripts/dtsiTemplates/pin-controller.dtsi.jinja,"ST,STM32-GPIOv2-pin-controller",source/chip/STM32/dtsiTemplates/gpio.dtsi.jinja,0x48000000,0x400,source/chip/STM32/dtsiTemplates/gpio.dtsi.jinja,0x48000400,0x400,source/chip/STM32/dtsiTemplates/gpio.dtsi.jinja,0x48000800,0x400,source/chip/STM32/dtsiTemplates/gpio.dtsi.jinja,0x48000c00,0x400,,,,source/chip/STM32/dtsiTemplates/gpio.dtsi.jinja,0x48001400,0x400
STM32F058T8,source/chip/STM32/STM32F0/dtsiTemplates/STM32F0.dtsi.jinja,source/chip/STM32/dtsiTemplates/HSE.dtsi.jinja,scripts/dtsiTemplates/flash.dtsi.jinja,0x8000000,65536,scripts/dtsiTemplates/memory.dtsi.jinja,0x20000000,8192,scripts/dtsiTemplates/pin-controller.dtsi.jinja,"ST,STM32-GPIOv2-pin-controller",source/chip/STM32/dtsiTemplates/gpio.dtsi.jinja,0x48000000,0x400,source/chip/STM32/dtsiTemplates/gpio.dtsi.jinja,0x48000400,0x400,source/chip/STM32/dtsiTemplates/gpio.dtsi.jinja,0x48000800,0x400,,,,,,,source/chip/STM32/dtsiTemplates/gpio.dtsi.jinja,0x48001400,0x400
STM32F070C6,source/chip/STM32/STM32F0/dtsiTemplates/STM32F0.dtsi.jinja,source/chip/STM32/dtsiTemplates/HSE.dtsi.jinja,scripts/dtsiTemplates/flash.dtsi.jinja,0x8000000,32768,scripts/dtsiTemplates/memory.dtsi.jinja,0x20000000,6144,scripts/dtsiTemplates/pin-controller.dtsi.jinja,"ST,STM32-GPIOv2-pin-controller",source/chip/STM32/dtsiTemplates/gpio.dtsi.jinja,0x48000000,0x400,source/chip/STM32/dtsiTemplates/gpio.dtsi.jinja,0x48000400,0x400,source/chip/STM32/dtsiTemplates/gpio.dtsi.jinja,0x48000800,0x400,,,,,,,source/chip/STM32/dtsiTemplates/gpio.dtsi.jinja,0x48001400,0x400
STM32F070CB,source/chip/STM32/STM32F0/dtsiTemplates/STM32F0.dtsi.jinja,source/chip/STM32/dtsiTemplates/HSE.dtsi.jinja,scripts/dtsiTemplates/flash.dtsi.jinja,0x8000000,131072,scripts/dtsiTemplates/memory.dtsi.jinja,0x20000000,16384,scripts/dtsiTemplates/pin-controller.dtsi.jinja,"ST,STM32-GPIOv2-pin-controller",source/chip/STM32/dtsiTemplates/gpio.dtsi.jinja,0x48000000,0x400,source/chip/STM32/dtsiTemplates/gpio.dtsi.jinja,0x48000400,0x400,source/chip/STM32/dtsiTemplates/gpio.dtsi.jinja,0x48000800,0x400,,,,,,,source/chip/STM32/dtsiTemplates/gpio.dtsi.jinja,0x48001400,0x400
STM32F070F6,source/chip/STM32/STM32F0/dtsiTemplates/STM32F0.dtsi.jinja,source/chip/STM32/dtsiTemplates/HSE.dtsi.jinja,scripts/dtsiTemplates/flash.dtsi.jinja,0x8000000,32768,scripts/dtsiTemplates/memory.dtsi.jinja,0x20000000,6144,scripts/dtsiTemplates/pin-controller.dtsi.jinja,"ST,STM32-GPIOv2-pin-controller",source/chip/STM32/dtsiTemplates/gpio.dtsi.jinja,0x48000000,0x400,source/chip/STM32/dtsiTemplates/gpio.dtsi.jinja,0x48000400,0x400,,,,,,,,,,source/chip/STM32/dtsiTemplates/gpio.dtsi.jinja,0x48001400,0x400
STM32F070RB,source/chip/STM32/STM32F0/dtsiTemplates/STM32F0.dtsi.jinja,source/chip/STM32/dtsiTemplates/HSE.dtsi.jinja,scripts/dtsiTemplates/flash.dtsi.jinja,0x8000000,131072,scripts/dtsiTemplates/memory.dtsi.jinja,0x20000000,16384,scripts/dtsiTemplates/pin-controller.dtsi.jinja,"ST,STM32-GPIOv2-pin-controller",source/chip/STM32/dtsiTemplates/gpio.dtsi.jinja,0x48000000,0x400,source/chip/STM32/dtsiTemplates/gpio.dtsi.jinja,0x48000400,0x400,source/chip/STM32/dtsiTemplates/gpio.dtsi.jinja,0x48000800,0x400,source/chip/STM32/dtsiTemplates/gpio.dtsi.jinja,0x48000c00,0x400,,,,source/chip/STM32/dtsiTemplates/gpio.dtsi.jinja,0x48001400,0x400
STM32F071C8,source/chip/STM32/STM32F0/dtsiTemplates/STM32F0.dtsi.jinja,source/chip/STM32/dtsiTemplates/HSE.dtsi.jinja,scripts/dtsiTemplates/flash.dtsi.jinja,0x8000000,65536,scripts/dtsiTemplates/memory.dtsi.jinja,0x20000000,16384,scripts/dtsiTemplates/pin-controller.dtsi.jinja,"ST,STM32-GPIOv2-pin-controller",source/chip/STM32/dtsiTemplates/gpio.dtsi.jinja,0x48000000,0x400,source/chip/STM32/dtsiTemplates/gpio.dtsi.jinja,0x48000400,0x400,source/chip/STM32/dtsiTemplates/gpio.dtsi.jinja,0x48000800,0x400,,,,,,,source/chip/STM32/dtsiTemplates/gpio.dtsi.jinja,0x48001400,0x400
STM32F071CB,source/chip/STM32/STM32F0/dtsiTemplates/STM32F0.dtsi.jinja,source/chip/STM32/dtsiTemplates/HSE.dtsi.jinja,scripts/dtsiTemplates/flash.dtsi.jinja,0x8000000,131072,scripts/dtsiTemplates/memory.dtsi.jinja,0x20000000,16384,scripts/dtsiTemplates/pin-controller.dtsi.jinja,"ST,STM32-GPIOv2-pin-controller",source/chip/STM32/dtsiTemplates/gpio.dtsi.jinja,0x48000000,0x400,source/chip/STM32/dtsiTemplates/gpio.dtsi.jinja,0x48000400,0x400,source/chip/STM32/dtsiTemplates/gpio.dtsi.jinja,0x48000800,0x400,,,,,,,source/chip/STM32/dtsiTemplates/gpio.dtsi.jinja,0x48001400,0x400
STM32F071RB,source/chip/STM32/STM32F0/dtsiTemplates/STM32F0.dtsi.jinja,source/chip/STM32/dtsiTemplates/HSE.dtsi.jinja,scripts/dtsiTemplates/flash.dtsi.jinja,0x8000000,131072,scripts/dtsiTemplates/memory.dtsi.jinja,0x20000000,16384,scripts/dtsiTemplates/pin-controller.dtsi.jinja,"ST,STM32-GPIOv2-pin-controller",source/chip/STM32/dtsiTemplates/gpio.dtsi.jinja,0x48000000,0x400,source/chip/STM32/dtsiTemplates/gpio.dtsi.jinja,0x48000400,0x400,source/chip/STM32/dtsiTemplates/gpio.dtsi.jinja,0x48000800,0x400,source/chip/STM32/dtsiTemplates/gpio.dtsi.jinja,0x48000c00,0x400,,,,source/chip/STM32/dtsiTemplates/gpio.dtsi.jinja,0x48001400,0x400
STM32F071V8,source/chip/STM32/STM32F0/dtsiTemplates/STM32F0.dtsi.jinja,source/chip/STM32/dtsiTemplates/HSE.dtsi.jinja,scripts/dtsiTemplates/flash.dtsi.jinja,0x8000000,65536,scripts/dtsiTemplates/memory.dtsi.jinja,0x20000000,16384,scripts/dtsiTemplates/pin-controller.dtsi.jinja,"ST,STM32-GPIOv2-pin-controller",source/chip/STM32/dtsiTemplates/gpio.dtsi.jinja,0x48000000,0x400,source/chip/STM32/dtsiTemplates/gpio.dtsi.jinja,0x48000400,0x400,source/chip/STM32/dtsiTemplates/gpio.dtsi.jinja,0x48000800,0x400,source/chip/STM32/dtsiTemplates/gpio.dtsi.jinja,0x48000c00,0x400,source/chip/STM32/dtsiTemplates/gpio.dtsi.jinja,0x48001000,0x400,source/chip/STM32/dtsiTemplates/gpio.dtsi.jinja,0x48001400,0x400
STM32F071VB,source/chip/STM32/STM32F0/dtsiTemplates/STM32F0.dtsi.jinja,source/chip/STM32/dtsiTemplates/HSE.dtsi.jinja,scripts/dtsiTemplates/flash.dtsi.jinja,0x8000000,131072,scripts/dtsiTemplates/memory.dtsi.jinja,0x20000000,16384,scripts/dtsiTemplates/pin-controller.dtsi.jinja,"ST,STM32-GPIOv2-pin-controller",source/chip/STM32/dtsiTemplates/gpio.dtsi.jinja,0x48000000,0x400,source/chip/STM32/dtsiTemplates/gpio.dtsi.jinja,0x48000400,0x400,source/chip/STM32/dtsiTemplates/gpio.dtsi.jinja,0x48000800,0x400,source/chip/STM32/dtsiTemplates/gpio.dtsi.jinja,0x48000c00,0x400,source/chip/STM32/dtsiTemplates/gpio.dtsi.jinja,0x48001000,0x400,source/chip/STM32/dtsiTemplates/gpio.dtsi.jinja,0x48001400,0x400
STM32F072C8,source/chip/STM32/STM32F0/dtsiTemplates/STM32F0.dtsi.jinja,source/chip/STM32/dtsiTemplates/HSE.dtsi.jinja,scripts/dtsiTemplates/flash.dtsi.jinja,0x8000000,65536,scripts/dtsiTemplates/memory.dtsi.jinja,0x20000000,16384,scripts/dtsiTemplates/pin-controller.dtsi.jinja,"ST,STM32-GPIOv2-pin-controller",source/chip/STM32/dtsiTemplates/gpio.dtsi.jinja,0x48000000,0x400,source/chip/STM32/dtsiTemplates/gpio.dtsi.jinja,0x48000400,0x400,source/chip/STM32/dtsiTemplates/gpio.dtsi.jinja,0x48000800,0x400,,,,,,,source/chip/STM32/dtsiTemplates/gpio.dtsi.jinja,0x48001400,0x400
STM32F072CB,source/chip/STM32/STM32F0/dtsiTemplates/STM32F0.dtsi.jinja,source/chip/STM32/dtsiTemplates/HSE.dtsi.jinja,scripts/dtsiTemplates/flash.dtsi.jinja,0x8000000,131072,scripts/dtsiTemplates/memory.dtsi.jinja,0x20000000,16384,scripts/dtsiTemplates/pin-controller.dtsi.jinja,"ST,STM32-GPIOv2-pin-controller",source/chip/STM32/dtsiTemplates/gpio.dtsi.jinja,0x48000000,0x400,source/chip/STM32/dtsiTemplates/gpio.dtsi.jinja,0x48000400,0x400,source/chip/STM32/dtsiTemplates/gpio.dtsi.jinja,0x48000800,0x400,,,,,,,source/chip/STM32/dtsiTemplates/gpio.dtsi.jinja,0x48001400,0x400
STM32F072R8,source/chip/STM32/STM32F0/dtsiTemplates/STM32F0.dtsi.jinja,source/chip/STM32/dtsiTemplates/HSE.dtsi.jinja,scripts/dtsiTemplates/flash.dtsi.jinja,0x8000000,65536,scripts/dtsiTemplates/memory.dtsi.jinja,0x20000000,16384,scripts/dtsiTemplates/pin-controller.dtsi.jinja,"ST,STM32-GPIOv2-pin-controller",source/chip/STM32/dtsiTemplates/gpio.dtsi.jinja,0x48000000,0x400,source/chip/STM32/dtsiTemplates/gpio.dtsi.jinja,0x48000400,0x400,source/chip/STM32/dtsiTemplates/gpio.dtsi.jinja,0x48000800,0x400,source/chip/STM32/dtsiTemplates/gpio.dtsi.jinja,0x48000c00,0x400,,,,source/chip/STM32/dtsiTemplates/gpio.dtsi.jinja,0x48001400,0x400
STM32F072RB,source/chip/STM32/STM32F0/dtsiTemplates/STM32F0.dtsi.jinja,source/chip/STM32/dtsiTemplates/HSE.dtsi.jinja,scripts/dtsiTemplates/flash.dtsi.jinja,0x8000000,131072,scripts/dtsiTemplates/memory.dtsi.jinja,0x20000000,16384,scripts/dtsiTemplates/pin-controller.dtsi.jinja,"ST,STM32-GPIOv2-pin-controller",source/chip/STM32/dtsiTemplates/gpio.dtsi.jinja,0x48000000,0x400,source/chip/STM32/dtsiTemplates/gpio.dtsi.jinja,0x48000400,0x400,source/chip/STM32/dtsiTemplates/gpio.dtsi.jinja,0x48000800,0x400,source/chip/STM32/dtsiTemplates/gpio.dtsi.jinja,0x48000c00,0x400,,,,source/chip/STM32/dtsiTemplates/gpio.dtsi.jinja,0x48001400,0x400
STM32F072V8,source/chip/STM32/STM32F0/dtsiTemplates/STM32F0.dtsi.jinja,source/chip/STM32/dtsiTemplates/HSE.dtsi.jinja,scripts/dtsiTemplates/flash.dtsi.jinja,0x8000000,65536,scripts/dtsiTemplates/memory.dtsi.jinja,0x20000000,16384,scripts/dtsiTemplates/pin-controller.dtsi.jinja,"ST,STM32-GPIOv2-pin-controller",source/chip/STM32/dtsiTemplates/gpio.dtsi.jinja,0x48000000,0x400,source/chip/STM32/dtsiTemplates/gpio.dtsi.jinja,0x48000400,0x400,source/chip/STM32/dtsiTemplates/gpio.dtsi.jinja,0x48000800,0x400,source/chip/STM32/dtsiTemplates/gpio.dtsi.jinja,0x48000c00,0x400,source/chip/STM32/dtsiTemplates/gpio.dtsi.jinja,0x48001000,0x400,source/chip/STM32/dtsiTemplates/gpio.dtsi.jinja,0x48001400,0x400
STM32F072VB,source/chip/STM32/STM32F0/dtsiTemplates/STM32F0.dtsi.jinja,source/chip/STM32/dtsiTemplates/HSE.dtsi.jinja,scripts/dtsiTemplates/flash.dtsi.jinja,0x8000000,131072,scripts/dtsiTemplates/memory.dtsi.jinja,0x20000000,16384,scripts/dtsiTemplates/pin-controller.dtsi.jinja,"ST,STM32-GPIOv2-pin-controller",source/chip/STM32/dtsiTemplates/gpio.dtsi.jinja,0x48000000,0x400,source/chip/STM32/dtsiTemplates/gpio.dtsi.jinja,0x48000400,0x400,source/chip/STM32/dtsiTemplates/gpio.dtsi.jinja,0x48000800,0x400,source/chip/STM32/dtsiTemplates/gpio.dtsi.jinja,0x48000c00,0x400,source/chip/STM32/dtsiTemplates/gpio.dtsi.jinja,0x48001000,0x400,source/chip/STM32/dtsiTemplates/gpio.dtsi.jinja,0x48001400,0x400
STM32F078CB,source/chip/STM32/STM32F0/dtsiTemplates/STM32F0.dtsi.jinja,source/chip/STM32/dtsiTemplates/HSE.dtsi.jinja,scripts/dtsiTemplates/flash.dtsi.jinja,0x8000000,131072,scripts/dtsiTemplates/memory.dtsi.jinja,0x20000000,16384,scripts/dtsiTemplates/pin-controller.dtsi.jinja,"ST,STM32-GPIOv2-pin-controller",source/chip/STM32/dtsiTemplates/gpio.dtsi.jinja,0x48000000,0x400,source/chip/STM32/dtsiTemplates/gpio.dtsi.jinja,0x48000400,0x400,source/chip/STM32/dtsiTemplates/gpio.dtsi.jinja,0x48000800,0x400,,,,,,,source/chip/STM32/dtsiTemplates/gpio.dtsi.jinja,0x48001400,0x400
STM32F078RB,source/chip/STM32/STM32F0/dtsiTemplates/STM32F0.dtsi.jinja,source/chip/STM32/dtsiTemplates/HSE.dtsi.jinja,scripts/dtsiTemplates/flash.dtsi.jinja,0x8000000,131072,scripts/dtsiTemplates/memory.dtsi.jinja,0x20000000,16384,scripts/dtsiTemplates/pin-controller.dtsi.jinja,"ST,STM32-GPIOv2-pin-controller",source/chip/STM32/dtsiTemplates/gpio.dtsi.jinja,0x48000000,0x400,source/chip/STM32/dtsiTemplates/gpio.dtsi.jinja,0x48000400,0x400,source/chip/STM32/dtsiTemplates/gpio.dtsi.jinja,0x48000800,0x400,source/chip/STM32/dtsiTemplates/gpio.dtsi.jinja,0x48000c00,0x400,,,,source/chip/STM32/dtsiTemplates/gpio.dtsi.jinja,0x48001400,0x400
STM32F078VB,source/chip/STM32/STM32F0/dtsiTemplates/STM32F0.dtsi.jinja,source/chip/STM32/dtsiTemplates/HSE.dtsi.jinja,scripts/dtsiTemplates/flash.dtsi.jinja,0x8000000,131072,scripts/dtsiTemplates/memory.dtsi.jinja,0x20000000,16384,scripts/dtsiTemplates/pin-controller.dtsi.jinja,"ST,STM32-GPIOv2-pin-controller",source/chip/STM32/dtsiTemplates/gpio.dtsi.jinja,0x48000000,0x400,source/chip/STM32/dtsiTemplates/gpio.dtsi.jinja,0x48000400,0x400,source/chip/STM32/dtsiTemplates/gpio.dtsi.jinja,0x48000800,0x400,source/chip/STM32/dtsiTemplates/gpio.dtsi.jinja,0x48000c00,0x400,source/chip/STM32/dtsiTemplates/gpio.dtsi.jinja,0x48001000,0x400,source/chip/STM32/dtsiTemplates/gpio.dtsi.jinja,0x48001400,0x400
STM32F091CB,source/chip/STM32/STM32F0/dtsiTemplates/STM32F0.dtsi.jinja,source/chip/STM32/dtsiTemplates/HSE.dtsi.jinja,scripts/dtsiTemplates/flash.dtsi.jinja,0x8000000,131072,scripts/dtsiTemplates/memory.dtsi.jinja,0x20000000,32768,scripts/dtsiTemplates/pin-controller.dtsi.jinja,"ST,STM32-GPIOv2-pin-controller",source/chip/STM32/dtsiTemplates/gpio.dtsi.jinja,0x48000000,0x400,source/chip/STM32/dtsiTemplates/gpio.dtsi.jinja,0x48000400,0x400,source/chip/STM32/dtsiTemplates/gpio.dtsi.jinja,0x48000800,0x400,,,,,,,source/chip/STM32/dtsiTemplates/gpio.dtsi.jinja,0x48001400,0x400
STM32F091CC,source/chip/STM32/STM32F0/dtsiTemplates/STM32F0.dtsi.jinja,source/chip/STM32/dtsiTemplates/HSE.dtsi.jinja,scripts/dtsiTemplates/flash.dtsi.jinja,0x8000000,262144,scripts/dtsiTemplates/memory.dtsi.jinja,0x20000000,32768,scripts/dtsiTemplates/pin-controller.dtsi.jinja,"ST,STM32-GPIOv2-pin-controller",source/chip/STM32/dtsiTemplates/gpio.dtsi.jinja,0x48000000,0x400,source/chip/STM32/dtsiTemplates/gpio.dtsi.jinja,0x48000400,0x400,source/chip/STM32/dtsiTemplates/gpio.dtsi.jinja,0x48000800,0x400,,,,,,,source/chip/STM32/dtsiTemplates/gpio.dtsi.jinja,0x48001400,0x400
STM32F091RB,source/chip/STM32/STM32F0/dtsiTemplates/STM32F0.dtsi.jinja,source/chip/STM32/dtsiTemplates/HSE.dtsi.jinja,scripts/dtsiTemplates/flash.dtsi.jinja,0x8000000,131072,scripts/dtsiTemplates/memory.dtsi.jinja,0x20000000,32768,scripts/dtsiTemplates/pin-controller.dtsi.jinja,"ST,STM32-GPIOv2-pin-controller",source/chip/STM32/dtsiTemplates/gpio.dtsi.jinja,0x48000000,0x400,source/chip/STM32/dtsiTemplates/gpio.dtsi.jinja,0x48000400,0x400,source/chip/STM32/dtsiTemplates/gpio.dtsi.jinja,0x48000800,0x400,source/chip/STM32/dtsiTemplates/gpio.dtsi.jinja,0x48000c00,0x400,,,,source/chip/STM32/dtsiTemplates/gpio.dtsi.jinja,0x48001400,0x400
STM32F091RC,source/chip/STM32/STM32F0/dtsiTemplates/STM32F0.dtsi.jinja,source/chip/STM32/dtsiTemplates/HSE.dtsi.jinja,scripts/dtsiTemplates/flash.dtsi.jinja,0x8000000,262144,scripts/dtsiTemplates/memory.dtsi.jinja,0x20000000,32768,scripts/dtsiTemplates/pin-controller.dtsi.jinja,"ST,STM32-GPIOv2-pin-controller",source/chip/STM32/dtsiTemplates/gpio.dtsi.jinja,0x48000000,0x400,source/chip/STM32/dtsiTemplates/gpio.dtsi.jinja,0x48000400,0x400,source/chip/STM32/dtsiTemplates/gpio.dtsi.jinja,0x48000800,0x400,source/chip/STM32/dtsiTemplates/gpio.dtsi.jinja,0x48000c00,0x400,,,,source/chip/STM32/dtsiTemplates/gpio.dtsi.jinja,0x48001400,0x400
STM32F091VB,source/chip/STM32/STM32F0/dtsiTemplates/STM32F0.dtsi.jinja,source/chip/STM32/dtsiTemplates/HSE.dtsi.jinja,scripts/dtsiTemplates/flash.dtsi.jinja,0x8000000,131072,scripts/dtsiTemplates/memory.dtsi.jinja,0x20000000,32768,scripts/dtsiTemplates/pin-controller.dtsi.jinja,"ST,STM32-GPIOv2-pin-controller",source/chip/STM32/dtsiTemplates/gpio.dtsi.jinja,0x48000000,0x400,source/chip/STM32/dtsiTemplates/gpio.dtsi.jinja,0x48000400,0x400,source/chip/STM32/dtsiTemplates/gpio.dtsi.jinja,0x48000800,0x400,source/chip/STM32/dtsiTemplates/gpio.dtsi.jinja,0x48000c00,0x400,source/chip/STM32/dtsiTemplates/gpio.dtsi.jinja,0x48001000,0x400,source/chip/STM32/dtsiTemplates/gpio.dtsi.jinja,0x48001400,0x400
STM32F091VC,source/chip/STM32/STM32F0/dtsiTemplates/STM32F0.dtsi.jinja,source/chip/STM32/dtsiTemplates/HSE.dtsi.jinja,scripts/dtsiTemplates/flash.dtsi.jinja,0x8000000,262144,scripts/dtsiTemplates/memory.dtsi.jinja,0x20000000,32768,scripts/dtsiTemplates/pin-controller.dtsi.jinja,"ST,STM32-GPIOv2-pin-controller",source/chip/STM32/dtsiTemplates/gpio.dtsi.jinja,0x48000000,0x400,source/chip/STM32/dtsiTemplates/gpio.dtsi.jinja,0x48000400,0x400,source/chip/STM32/dtsiTemplates/gpio.dtsi.jinja,0x48000800,0x400,source/chip/STM32/dtsiTemplates/gpio.dtsi.jinja,0x48000c00,0x400,source/chip/STM32/dtsiTemplates/gpio.dtsi.jinja,0x48001000,0x400,source/chip/STM32/dtsiTemplates/gpio.dtsi.jinja,0x48001400,0x400
STM32F098CC,source/chip/STM32/STM32F0/dtsiTemplates/STM32F0.dtsi.jinja,source/chip/STM32/dtsiTemplates/HSE.dtsi.jinja,scripts/dtsiTemplates/flash.dtsi.jinja,0x8000000,262144,scripts/dtsiTemplates/memory.dtsi.jinja,0x20000000,32768,scripts/dtsiTemplates/pin-controller.dtsi.jinja,"ST,STM32-GPIOv2-pin-controller",source/chip/STM32/dtsiTemplates/gpio.dtsi.jinja,0x48000000,0x400,source/chip/STM32/dtsiTemplates/gpio.dtsi.jinja,0x48000400,0x400,source/chip/STM32/dtsiTemplates/gpio.dtsi.jinja,0x48000800,0x400,,,,,,,source/chip/STM32/dtsiTemplates/gpio.dtsi.jinja,0x48001400,0x400
STM32F098RC,source/chip/STM32/STM32F0/dtsiTemplates/STM32F0.dtsi.jinja,source/chip/STM32/dtsiTemplates/HSE.dtsi.jinja,scripts/dtsiTemplates/flash.dtsi.jinja,0x8000000,262144,scripts/dtsiTemplates/memory.dtsi.jinja,0x20000000,32768,scripts/dtsiTemplates/pin-controller.dtsi.jinja,"ST,STM32-GPIOv2-pin-controller",source/chip/STM32/dtsiTemplates/gpio.dtsi.jinja,0x48000000,0x400,source/chip/STM32/dtsiTemplates/gpio.dtsi.jinja,0x48000400,0x400,source/chip/STM32/dtsiTemplates/gpio.dtsi.jinja,0x48000800,0x400,source/chip/STM32/dtsiTemplates/gpio.dtsi.jinja,0x48000c00,0x400,,,,source/chip/STM32/dtsiTemplates/gpio.dtsi.jinja,0x48001400,0x400
STM32F098VC,source/chip/STM32/STM32F0/dtsiTemplates/STM32F0.dtsi.jinja,source/chip/STM32/dtsiTemplates/HSE.dtsi.jinja,scripts/dtsiTemplates/flash.dtsi.jinja,0x8000000,262144,scripts/dtsiTemplates/memory.dtsi.jinja,0x20000000,32768,scripts/dtsiTemplates/pin-controller.dtsi.jinja,"ST,STM32-GPIOv2-pin-controller",source/chip/STM32/dtsiTemplates/gpio.dtsi.jinja,0x48000000,0x400,source/chip/STM32/dtsiTemplates/gpio.dtsi.jinja,0x48000400,0x400,source/chip/STM32/dtsiTemplates/gpio.dtsi.jinja,0x48000800,0x400,source/chip/STM32/dtsiTemplates/gpio.dtsi.jinja,0x48000c00,0x400,source/chip/STM32/dtsiTemplates/gpio.dtsi.jinja,0x48001000,0x400,source/chip/STM32/dtsiTemplates/gpio.dtsi.jinja,0x48001400,0x400
